Unnamed: 0,Name,POS,Age,HT,WT,College,Salary,TeamURL,Team
,Chris Boucher99,PF,32,"6' 9""",200 lbs,Oregon,--,https://www.espn.com/nba/team/roster/_/name/bos/boston-celtics,boston-celtics
,Jalen Bridges41,F,24,"6' 8""",225 lbs,Baylor,--,https://www.espn.com/nba/team/roster/_/name/bos/boston-celtics,boston-celtics
,Jaylen Brown7,SG,28,"6' 6""",223 lbs,California,"$53,142,264",https://www.espn.com/nba/team/roster/_/name/bos/boston-celtics,boston-celtics
,Kendall Brown38,G,22,"6' 7""",205 lbs,Baylor,--,https://www.espn.com/nba/team/roster/_/name/bos/boston-celtics,boston-celtics
,Luka Garza52,C,26,"6' 10""",243 lbs,Iowa,"$2,461,463",https://www.espn.com/nba/team/roster/_/name/bos/boston-celtics,boston-celtics
,Hugo Gonzalez28,G,19,"6' 6""",205 lbs,--,"$2,783,880",https://www.espn.com/nba/team/roster/_/name/bos/boston-celtics,boston-celtics
,Ron Harper Jr.13,G,25,"6' 4""",233 lbs,Rutgers,--,https://www.espn.com/nba/team/roster/_/name/bos/boston-celtics,boston-celtics
,Sam Hauser30,SF,27,"6' 7""",217 lbs,Virginia,"$10,044,643",https://www.espn.com/nba/team/roster/_/name/bos/boston-celtics,boston-celtics
,RJ Luis Jr.12,G,22,"6' 7""",215 lbs,St. John's,--,https://www.espn.com/nba/team/roster/_/name/bos/boston-celtics,boston-celtics
,Josh Minott8,F,22,"6' 8""",205 lbs,Memphis,"$2,378,870",https://www.espn.com/nba/team/roster/_/name/bos/boston-celtics,boston-celtics
,Wendell Moore Jr.20,G,24,"6' 5""",215 lbs,Duke,--,https://www.espn.com/nba/team/roster/_/name/bos/boston-celtics,boston-celtics
,Payton Pritchard11,PG,27,"6' 1""",195 lbs,Oregon,"$7,232,143",https://www.espn.com/nba/team/roster/_/name/bos/boston-celtics,boston-celtics
,Neemias Queta88,C,26,"7' 0""",248 lbs,Utah State,"$2,349,578",https://www.espn.com/nba/team/roster/_/name/bos/boston-celtics,boston-celtics
,Baylor Scheierman55,F,25,"6' 6""",205 lbs,Creighton,"$2,619,000",https://www.espn.com/nba/team/roster/_/name/bos/boston-celtics,boston-celtics
,Max Shulga44,G,23,"6' 5""",210 lbs,VCU,--,https://www.espn.com/nba/team/roster/_/name/bos/boston-celtics,boston-celtics
,Anfernee Simons4,SG,26,"6' 3""",200 lbs,--,"$27,678,571",https://www.espn.com/nba/team/roster/_/name/bos/boston-celtics,boston-celtics
,Jayson Tatum0,SF,27,"6' 8""",210 lbs,Duke,"$54,126,450",https://www.espn.com/nba/team/roster/_/name/bos/boston-celtics,boston-celtics
,Xavier Tillman26,F,26,"6' 7""",245 lbs,Michigan State,"$2,546,675",https://www.espn.com/nba/team/roster/_/name/bos/boston-celtics,boston-celtics
,Jordan Walsh27,G,21,"6' 6""",205 lbs,Arkansas,"$2,221,677",https://www.espn.com/nba/team/roster/_/name/bos/boston-celtics,boston-celtics
,Derrick White9,PG,31,"6' 4""",190 lbs,Colorado,"$28,100,001",https://www.espn.com/nba/team/roster/_/name/bos/boston-celtics,boston-celtics
,Amari Williams77,C,23,"7' 0""",262 lbs,Kentucky,--,https://www.espn.com/nba/team/roster/_/name/bos/boston-celtics,boston-celtics
,Kobe Bufkin44,G,22,"6' 4""",195 lbs,Michigan,"$4,503,720",https://www.espn.com/nba/team/roster/_/name/bkn/brooklyn-nets,brooklyn-nets
,Nic Claxton33,C,26,"6' 11""",215 lbs,Georgia,"$25,352,272",https://www.espn.com/nba/team/roster/_/name/bkn/brooklyn-nets,brooklyn-nets
,Noah Clowney21,F,21,"6' 9""",210 lbs,Alabama,"$3,398,640",https://www.espn.com/nba/team/roster/_/name/bkn/brooklyn-nets,brooklyn-nets
,Yuri Collins99,G,24,"5' 11""",195 lbs,Saint Louis,--,https://www.espn.com/nba/team/roster/_/name/bkn/brooklyn-nets,brooklyn-nets
,Egor Demin8,G,19,"6' 8""",200 lbs,BYU,"$6,889,200",https://www.espn.com/nba/team/roster/_/name/bkn/brooklyn-nets,brooklyn-nets
,Tyson Etienne10,G,26,"6' 2""",200 lbs,Wichita State,--,https://www.espn.com/nba/team/roster/_/name/bkn/brooklyn-nets,brooklyn-nets
,Haywood Highsmith7,F,28,"6' 5""",220 lbs,Wheeling Jesuit,"$5,616,000",https://www.espn.com/nba/team/roster/_/name/bkn/brooklyn-nets,brooklyn-nets
,E.J. Liddell9,F,24,"6' 7""",240 lbs,Ohio State,--,https://www.espn.com/nba/team/roster/_/name/bkn/brooklyn-nets,brooklyn-nets
,Terance Mann14,SG,28,"6' 5""",215 lbs,Florida State,"$15,500,000",https://www.espn.com/nba/team/roster/_/name/bkn/brooklyn-nets,brooklyn-nets
,Tyrese Martin13,G,26,"6' 6""",215 lbs,UConn,"$2,191,897",https://www.espn.com/nba/team/roster/_/name/bkn/brooklyn-nets,brooklyn-nets
,David Muoka,C,24,"6' 10""",235 lbs,UNLV,--,https://www.espn.com/nba/team/roster/_/name/bkn/brooklyn-nets,brooklyn-nets
,Michael Porter Jr.17,F,27,"6' 10""",218 lbs,Missouri,"$38,333,050",https://www.espn.com/nba/team/roster/_/name/bkn/brooklyn-nets,brooklyn-nets
,Drake Powell4,G,20,"6' 5""",200 lbs,North Carolina,"$3,372,240",https://www.espn.com/nba/team/roster/_/name/bkn/brooklyn-nets,brooklyn-nets
,Ben Saraf77,G,19,"6' 5""",200 lbs,--,"$2,884,560",https://www.espn.com/nba/team/roster/_/name/bkn/brooklyn-nets,brooklyn-nets
,Day'Ron Sharpe20,C,23,"6' 9""",265 lbs,North Carolina,"$6,250,000",https://www.espn.com/nba/team/roster/_/name/bkn/brooklyn-nets,brooklyn-nets
,Cam Thomas24,SG,23,"6' 3""",210 lbs,LSU,"$5,993,172",https://www.espn.com/nba/team/roster/_/name/bkn/brooklyn-nets,brooklyn-nets
,Drew Timme26,F,25,"6' 10""",235 lbs,Gonzaga,"$1,955,377",https://www.espn.com/nba/team/roster/_/name/bkn/brooklyn-nets,brooklyn-nets
,Nolan Traore88,G,19,"6' 3""",175 lbs,--,"$3,811,560",https://www.espn.com/nba/team/roster/_/name/bkn/brooklyn-nets,brooklyn-nets
,Dariq Whitehead0,F,21,"6' 6""",220 lbs,Duke,"$3,262,560",https://www.espn.com/nba/team/roster/_/name/bkn/brooklyn-nets,brooklyn-nets
,Ziaire Williams1,F,24,"6' 9""",185 lbs,Stanford,"$6,250,000",https://www.espn.com/nba/team/roster/_/name/bkn/brooklyn-nets,brooklyn-nets
,Jalen Wilson22,F,24,"6' 6""",220 lbs,Kansas,"$2,221,677",https://www.espn.com/nba/team/roster/_/name/bkn/brooklyn-nets,brooklyn-nets
,Danny Wolf2,F,21,"7' 0""",254 lbs,Michigan,"$2,801,280",https://www.espn.com/nba/team/roster/_/name/bkn/brooklyn-nets,brooklyn-nets
,Fanbo Zeng12,F,22,"6' 11""",199 lbs,--,--,https://www.espn.com/nba/team/roster/_/name/bkn/brooklyn-nets,brooklyn-nets
,OG Anunoby8,SF,28,"6' 7""",240 lbs,Indiana,"$39,568,966",https://www.espn.com/nba/team/roster/_/name/ny/new-york-knicks,new-york-knicks
,Mikal Bridges25,SF,29,"6' 6""",209 lbs,Villanova,"$24,900,000",https://www.espn.com/nba/team/roster/_/name/ny/new-york-knicks,new-york-knicks
,Malcolm Brogdon5,G,32,"6' 4""",229 lbs,Virginia,--,https://www.espn.com/nba/team/roster/_/name/ny/new-york-knicks,new-york-knicks
,Jalen Brunson11,PG,29,"6' 2""",190 lbs,Villanova,"$34,944,001",https://www.espn.com/nba/team/roster/_/name/ny/new-york-knicks,new-york-knicks
,Boo Buie,G,25,"6' 2""",180 lbs,Northwestern,--,https://www.espn.com/nba/team/roster/_/name/ny/new-york-knicks,new-york-knicks
,Jordan Clarkson00,G,33,"6' 3""",194 lbs,Missouri,"$2,296,274",https://www.espn.com/nba/team/roster/_/name/ny/new-york-knicks,new-york-knicks
,Pacome Dadiet4,G,20,"6' 8""",210 lbs,--,"$2,847,600",https://www.espn.com/nba/team/roster/_/name/ny/new-york-knicks,new-york-knicks
,Mohamed Diawara51,F,20,"6' 8""",--,--,--,https://www.espn.com/nba/team/roster/_/name/ny/new-york-knicks,new-york-knicks
,Tosan Evbuomwan20,F,24,"6' 7""",217 lbs,Princeton,--,https://www.espn.com/nba/team/roster/_/name/ny/new-york-knicks,new-york-knicks
,Josh Hart3,SG,30,"6' 4""",215 lbs,Villanova,"$19,472,240",https://www.espn.com/nba/team/roster/_/name/ny/new-york-knicks,new-york-knicks
,Ariel Hukporti55,C,23,"6' 11""",246 lbs,--,"$1,955,377",https://www.espn.com/nba/team/roster/_/name/ny/new-york-knicks,new-york-knicks
,Trey Jemison III50,F,25,"6' 11""",275 lbs,UAB,--,https://www.espn.com/nba/team/roster/_/name/ny/new-york-knicks,new-york-knicks
,Tyler Kolek13,G,24,"6' 3""",195 lbs,Marquette,"$2,191,897",https://www.espn.com/nba/team/roster/_/name/ny/new-york-knicks,new-york-knicks
,Alex Len21,C,32,"7' 0""",250 lbs,Maryland,--,https://www.espn.com/nba/team/roster/_/name/ny/new-york-knicks,new-york-knicks
,Garrison Mathews14,G,28,"6' 6""",215 lbs,Lipscomb,--,https://www.espn.com/nba/team/roster/_/name/ny/new-york-knicks,new-york-knicks
,Miles McBride2,PG,25,"6' 1""",195 lbs,West Virginia,"$4,333,333",https://www.espn.com/nba/team/roster/_/name/ny/new-york-knicks,new-york-knicks
,Kevin McCullar Jr.9,PG,24,"6' 6""",210 lbs,Kansas,--,https://www.espn.com/nba/team/roster/_/name/ny/new-york-knicks,new-york-knicks
,Alex O'Connell,F,26,"6' 6""",185 lbs,Creighton,--,https://www.espn.com/nba/team/roster/_/name/ny/new-york-knicks,new-york-knicks
,Chuma Okeke,F,27,"6' 7""",229 lbs,Auburn,--,https://www.espn.com/nba/team/roster/_/name/ny/new-york-knicks,new-york-knicks
,Mitchell Robinson23,C,27,"7' 0""",240 lbs,--,"$12,954,546",https://www.espn.com/nba/team/roster/_/name/ny/new-york-knicks,new-york-knicks
,Matt Ryan37,F,28,"6' 6""",215 lbs,Chattanooga,--,https://www.espn.com/nba/team/roster/_/name/ny/new-york-knicks,new-york-knicks
,Landry Shamet44,PG,28,"6' 4""",190 lbs,Wichita State,--,https://www.espn.com/nba/team/roster/_/name/ny/new-york-knicks,new-york-knicks
,Karl-Anthony Towns32,C,29,"7' 0""",248 lbs,Kentucky,"$53,142,264",https://www.espn.com/nba/team/roster/_/name/ny/new-york-knicks,new-york-knicks
,Guerschon Yabusele28,F,29,"6' 8""",265 lbs,--,"$5,500,000",https://www.espn.com/nba/team/roster/_/name/ny/new-york-knicks,new-york-knicks
,Dominick Barlow25,F,22,"6' 8""",215 lbs,--,"$2,270,735",https://www.espn.com/nba/team/roster/_/name/phi/philadelphia-76ers,philadelphia-76ers
,Emoni Bates17,F,21,"6' 8""",202 lbs,Eastern Michigan,--,https://www.espn.com/nba/team/roster/_/name/phi/philadelphia-76ers,philadelphia-76ers
,Adem Bona30,C,22,"6' 10""",235 lbs,UCLA,"$1,955,377",https://www.espn.com/nba/team/roster/_/name/phi/philadelphia-76ers,philadelphia-76ers
,Johni Broome22,F,23,"6' 10""",240 lbs,Auburn,"$1,272,870",https://www.espn.com/nba/team/roster/_/name/phi/philadelphia-76ers,philadelphia-76ers
,Kennedy Chandler14,G,23,"5' 11""",170 lbs,Tennessee,--,https://www.espn.com/nba/team/roster/_/name/phi/philadelphia-76ers,philadelphia-76ers
,Andre Drummond1,C,32,"6' 11""",279 lbs,UConn,"$5,000,000",https://www.espn.com/nba/team/roster/_/name/phi/philadelphia-76ers,philadelphia-76ers
,VJ Edgecombe77,G,20,"6' 5""",180 lbs,Baylor,"$11,108,880",https://www.espn.com/nba/team/roster/_/name/phi/philadelphia-76ers,philadelphia-76ers
,Justin Edwards11,F,21,"6' 7""",203 lbs,Kentucky,"$2,048,494",https://www.espn.com/nba/team/roster/_/name/phi/philadelphia-76ers,philadelphia-76ers
,Joel Embiid21,C,31,"7' 0""",280 lbs,Kansas,"$55,224,526",https://www.espn.com/nba/team/roster/_/name/phi/philadelphia-76ers,philadelphia-76ers
,Paul George8,F,35,"6' 8""",220 lbs,Fresno State,"$51,666,090",https://www.espn.com/nba/team/roster/_/name/phi/philadelphia-76ers,philadelphia-76ers
,Eric Gordon23,SG,36,"6' 3""",215 lbs,Indiana,"$3,468,960",https://www.espn.com/nba/team/roster/_/name/phi/philadelphia-76ers,philadelphia-76ers
,Quentin Grimes5,SG,25,"6' 4""",210 lbs,Houston,--,https://www.espn.com/nba/team/roster/_/name/phi/philadelphia-76ers,philadelphia-76ers
,Malcolm Hill36,G,29,"6' 6""",225 lbs,Illinois,--,https://www.espn.com/nba/team/roster/_/name/phi/philadelphia-76ers,philadelphia-76ers
,Kyle Lowry7,PG,39,"6' 0""",196 lbs,Villanova,"$2,296,274",https://www.espn.com/nba/team/roster/_/name/phi/philadelphia-76ers,philadelphia-76ers
,Tyrese Maxey0,PG,24,"6' 2""",200 lbs,Kentucky,"$37,958,760",https://www.espn.com/nba/team/roster/_/name/phi/philadelphia-76ers,philadelphia-76ers
,Jared McCain20,G,21,"6' 3""",195 lbs,Duke,"$4,221,360",https://www.espn.com/nba/team/roster/_/name/phi/philadelphia-76ers,philadelphia-76ers
,Igor Milicic Jr.,F,23,"6' 10""",225 lbs,Tennessee,--,https://www.espn.com/nba/team/roster/_/name/phi/philadelphia-76ers,philadelphia-76ers
,Kelly Oubre Jr.9,SG,29,"6' 8""",203 lbs,Kansas,"$8,382,150",https://www.espn.com/nba/team/roster/_/name/phi/philadelphia-76ers,philadelphia-76ers
,Hunter Sallis45,G,22,"6' 5""",185 lbs,Wake Forest,--,https://www.espn.com/nba/team/roster/_/name/phi/philadelphia-76ers,philadelphia-76ers
,Saint Thomas38,F,22,"6' 7""",235 lbs,USC,--,https://www.espn.com/nba/team/roster/_/name/phi/philadelphia-76ers,philadelphia-76ers
,Jabari Walker33,F,23,"6' 7""",237 lbs,Colorado,--,https://www.espn.com/nba/team/roster/_/name/phi/philadelphia-76ers,philadelphia-76ers
,Trendon Watford12,PF,24,"6' 8""",237 lbs,LSU,"$2,461,463",https://www.espn.com/nba/team/roster/_/name/phi/philadelphia-76ers,philadelphia-76ers
,Ochai Agbaji30,G,25,"6' 5""",215 lbs,Kansas,"$6,383,525",https://www.espn.com/nba/team/roster/_/name/tor/toronto-raptors,toronto-raptors
,Scottie Barnes4,SF,24,"6' 7""",237 lbs,Florida State,"$38,661,750",https://www.espn.com/nba/team/roster/_/name/tor/toronto-raptors,toronto-raptors
,RJ Barrett9,SG,25,"6' 6""",214 lbs,Duke,"$27,705,357",https://www.espn.com/nba/team/roster/_/name/tor/toronto-raptors,toronto-raptors
,Jamison Battle77,F,24,"6' 7""",220 lbs,Ohio State,"$1,955,377",https://www.espn.com/nba/team/roster/_/name/tor/toronto-raptors,toronto-raptors
,Ulrich Chomche22,C,19,"6' 11""",235 lbs,--,--,https://www.espn.com/nba/team/roster/_/name/tor/toronto-raptors,toronto-raptors
,Gradey Dick1,G,21,"6' 6""",200 lbs,Kansas,"$4,990,560",https://www.espn.com/nba/team/roster/_/name/tor/toronto-raptors,toronto-raptors
,Chucky Hepburn24,G,22,"6' 2""",190 lbs,Louisville,--,https://www.espn.com/nba/team/roster/_/name/tor/toronto-raptors,toronto-raptors
,Brandon Ingram3,SF,28,"6' 8""",190 lbs,Duke,"$38,095,238",https://www.espn.com/nba/team/roster/_/name/tor/toronto-raptors,toronto-raptors
,A.J. Lawson0,G,25,"6' 6""",179 lbs,South Carolina,"$2,270,735",https://www.espn.com/nba/team/roster/_/name/tor/toronto-raptors,toronto-raptors
,Sandro Mamukelashvili54,PF,26,"6' 9""",240 lbs,Seton Hall,"$2,461,463",https://www.espn.com/nba/team/roster/_/name/tor/toronto-raptors,toronto-raptors
,Alijah Martin55,G,23,"6' 2""",210 lbs,Florida,--,https://www.espn.com/nba/team/roster/_/name/tor/toronto-raptors,toronto-raptors
,Jonathan Mogbo2,F,23,"6' 9""",225 lbs,San Francisco,"$1,955,377",https://www.espn.com/nba/team/roster/_/name/tor/toronto-raptors,toronto-raptors
,Collin Murray-Boyles12,F,20,"6' 7""",245 lbs,South Carolina,"$6,332,520",https://www.espn.com/nba/team/roster/_/name/tor/toronto-raptors,toronto-raptors
,Jakob Poeltl19,C,29,"7' 0""",260 lbs,Utah,"$19,500,000",https://www.espn.com/nba/team/roster/_/name/tor/toronto-raptors,toronto-raptors
,Immanuel Quickley5,SG,26,"6' 2""",190 lbs,Kentucky,"$32,500,000",https://www.espn.com/nba/team/roster/_/name/tor/toronto-raptors,toronto-raptors
,Jared Rhoden8,G,26,"6' 5""",210 lbs,Seton Hall,--,https://www.espn.com/nba/team/roster/_/name/tor/toronto-raptors,toronto-raptors
,David Roddy21,F,24,"6' 4""",255 lbs,Colorado State,--,https://www.espn.com/nba/team/roster/_/name/tor/toronto-raptors,toronto-raptors
,Olivier Sarr11,F,26,"6' 10""",240 lbs,Kentucky,--,https://www.espn.com/nba/team/roster/_/name/tor/toronto-raptors,toronto-raptors
,Jamal Shead23,G,23,"6' 1""",200 lbs,Houston,"$1,955,377",https://www.espn.com/nba/team/roster/_/name/tor/toronto-raptors,toronto-raptors
,Garrett Temple17,SF,39,"6' 5""",195 lbs,LSU,"$2,296,274",https://www.espn.com/nba/team/roster/_/name/tor/toronto-raptors,toronto-raptors
,Ja'Kobe Walter14,G,21,"6' 5""",180 lbs,Baylor,"$3,638,160",https://www.espn.com/nba/team/roster/_/name/tor/toronto-raptors,toronto-raptors
,Matas Buzelis14,F,20,"6' 10""",209 lbs,--,"$5,455,560",https://www.espn.com/nba/team/roster/_/name/chi/chicago-bulls,chicago-bulls
,Jevon Carter5,PG,30,"6' 1""",200 lbs,West Virginia,"$6,809,524",https://www.espn.com/nba/team/roster/_/name/chi/chicago-bulls,chicago-bulls
,Zach Collins12,PF,27,"6' 11""",250 lbs,Gonzaga,"$18,080,496",https://www.espn.com/nba/team/roster/_/name/chi/chicago-bulls,chicago-bulls
,Ayo Dosunmu11,SG,25,"6' 5""",200 lbs,Illinois,"$7,518,519",https://www.espn.com/nba/team/roster/_/name/chi/chicago-bulls,chicago-bulls
,Noa Essengue24,F,18,"6' 8""",194 lbs,--,"$5,429,520",https://www.espn.com/nba/team/roster/_/name/chi/chicago-bulls,chicago-bulls
,Josh Giddey3,SG,23,"6' 8""",216 lbs,--,--,https://www.espn.com/nba/team/roster/_/name/chi/chicago-bulls,chicago-bulls
,Mouhamadou Gueye16,F,27,"6' 9""",210 lbs,Pittsburgh,--,https://www.espn.com/nba/team/roster/_/name/chi/chicago-bulls,chicago-bulls
,Kevin Huerter13,SG,27,"6' 7""",198 lbs,Maryland,"$17,991,071",https://www.espn.com/nba/team/roster/_/name/chi/chicago-bulls,chicago-bulls
,Tre Jones30,PG,25,"6' 1""",185 lbs,Duke,"$8,000,000",https://www.espn.com/nba/team/roster/_/name/chi/chicago-bulls,chicago-bulls
,Yuki Kawamura17,G,24,"5' 8""",159 lbs,--,--,https://www.espn.com/nba/team/roster/_/name/chi/chicago-bulls,chicago-bulls
,Emanuel Miller20,F,25,"6' 7""",215 lbs,TCU,--,https://www.espn.com/nba/team/roster/_/name/chi/chicago-bulls,chicago-bulls
,Isaac Okoro35,SF,24,"6' 5""",225 lbs,Auburn,"$11,000,000",https://www.espn.com/nba/team/roster/_/name/chi/chicago-bulls,chicago-bulls
,Lachlan Olbrich47,F,21,"6' 10""",236 lbs,UC Riverside,--,https://www.espn.com/nba/team/roster/_/name/chi/chicago-bulls,chicago-bulls
,Julian Phillips15,F,21,"6' 8""",198 lbs,Tennessee,"$2,221,677",https://www.espn.com/nba/team/roster/_/name/chi/chicago-bulls,chicago-bulls
,Jalen Smith25,PF,25,"6' 9""",215 lbs,Maryland,"$9,000,000",https://www.espn.com/nba/team/roster/_/name/chi/chicago-bulls,chicago-bulls
,Dalen Terry7,F,23,"6' 7""",195 lbs,Arizona,"$5,399,118",https://www.espn.com/nba/team/roster/_/name/chi/chicago-bulls,chicago-bulls
,Nikola Vucevic9,C,34,"6' 10""",260 lbs,USC,"$21,481,481",https://www.espn.com/nba/team/roster/_/name/chi/chicago-bulls,chicago-bulls
,Coby White0,PG,25,"6' 5""",195 lbs,North Carolina,"$12,888,889",https://www.espn.com/nba/team/roster/_/name/chi/chicago-bulls,chicago-bulls
,Patrick Williams44,PF,24,"6' 8""",215 lbs,Florida State,"$18,000,000",https://www.espn.com/nba/team/roster/_/name/chi/chicago-bulls,chicago-bulls
,Jarrett Allen31,C,27,"6' 9""",243 lbs,Texas,"$20,000,000",https://www.espn.com/nba/team/roster/_/name/cle/cleveland-cavaliers,cleveland-cavaliers
,Lonzo Ball2,PG,27,"6' 6""",190 lbs,UCLA,"$10,000,000",https://www.espn.com/nba/team/roster/_/name/cle/cleveland-cavaliers,cleveland-cavaliers
,Thomas Bryant3,C,28,"6' 10""",248 lbs,Indiana,--,https://www.espn.com/nba/team/roster/_/name/cle/cleveland-cavaliers,cleveland-cavaliers
,Tristan Enaruna21,F,24,"6' 8""",220 lbs,Cleveland State,--,https://www.espn.com/nba/team/roster/_/name/cle/cleveland-cavaliers,cleveland-cavaliers
,Darius Garland10,PG,25,"6' 1""",192 lbs,Vanderbilt,"$39,446,090",https://www.espn.com/nba/team/roster/_/name/cle/cleveland-cavaliers,cleveland-cavaliers
,Killian Hayes7,G,24,"6' 5""",195 lbs,--,--,https://www.espn.com/nba/team/roster/_/name/cle/cleveland-cavaliers,cleveland-cavaliers
,De'Andre Hunter12,SF,27,"6' 8""",221 lbs,Virginia,"$23,303,571",https://www.espn.com/nba/team/roster/_/name/cle/cleveland-cavaliers,cleveland-cavaliers
,Chaney Johnson14,F,23,"6' 8""",225 lbs,Auburn,--,https://www.espn.com/nba/team/roster/_/name/cle/cleveland-cavaliers,cleveland-cavaliers
,Miller Kopp18,F,26,"6' 7""",215 lbs,Indiana,--,https://www.espn.com/nba/team/roster/_/name/cle/cleveland-cavaliers,cleveland-cavaliers
,Sam Merrill5,SG,29,"6' 4""",205 lbs,Utah State,"$8,482,143",https://www.espn.com/nba/team/roster/_/name/cle/cleveland-cavaliers,cleveland-cavaliers
,Donovan Mitchell45,SG,29,"6' 3""",215 lbs,Louisville,"$46,394,100",https://www.espn.com/nba/team/roster/_/name/cle/cleveland-cavaliers,cleveland-cavaliers
,Evan Mobley4,PF,24,"6' 11""",215 lbs,USC,"$46,394,100",https://www.espn.com/nba/team/roster/_/name/cle/cleveland-cavaliers,cleveland-cavaliers
,Larry Nance Jr.22,PF,32,"6' 8""",245 lbs,Wyoming,"$2,296,274",https://www.espn.com/nba/team/roster/_/name/cle/cleveland-cavaliers,cleveland-cavaliers
,Norchad Omier15,C,24,"6' 7""",245 lbs,Baylor,--,https://www.espn.com/nba/team/roster/_/name/cle/cleveland-cavaliers,cleveland-cavaliers
,Craig Porter Jr.9,G,25,"6' 2""",176 lbs,Wichita State,"$2,221,677",https://www.espn.com/nba/team/roster/_/name/cle/cleveland-cavaliers,cleveland-cavaliers
,Tyrese Proctor24,G,21,"6' 5""",183 lbs,Duke,"$1,272,870",https://www.espn.com/nba/team/roster/_/name/cle/cleveland-cavaliers,cleveland-cavaliers
,Max Strus1,SG,29,"6' 5""",215 lbs,DePaul,"$15,936,452",https://www.espn.com/nba/team/roster/_/name/cle/cleveland-cavaliers,cleveland-cavaliers
,Nae'Qwan Tomlin30,F,24,"6' 9""",210 lbs,Memphis,--,https://www.espn.com/nba/team/roster/_/name/cle/cleveland-cavaliers,cleveland-cavaliers
,Luke Travers33,G,24,"6' 7""",207 lbs,--,--,https://www.espn.com/nba/team/roster/_/name/cle/cleveland-cavaliers,cleveland-cavaliers
,Jaylon Tyson20,F,22,"6' 6""",215 lbs,California,"$3,492,480",https://www.espn.com/nba/team/roster/_/name/cle/cleveland-cavaliers,cleveland-cavaliers
,Dean Wade32,PF,28,"6' 9""",228 lbs,Kansas State,"$6,623,456",https://www.espn.com/nba/team/roster/_/name/cle/cleveland-cavaliers,cleveland-cavaliers
,Charles Bediako27,C,23,"7' 0""",225 lbs,Alabama,--,https://www.espn.com/nba/team/roster/_/name/det/detroit-pistons,detroit-pistons
,Cade Cunningham2,PG,24,"6' 6""",220 lbs,Oklahoma State,"$46,394,100",https://www.espn.com/nba/team/roster/_/name/det/detroit-pistons,detroit-pistons
,Jalen Duren0,C,21,"6' 10""",250 lbs,Memphis,"$6,483,144",https://www.espn.com/nba/team/roster/_/name/det/detroit-pistons,detroit-pistons
,Dawson Garcia,F,24,"6' 11""",234 lbs,Minnesota,--,https://www.espn.com/nba/team/roster/_/name/det/detroit-pistons,detroit-pistons
,Javonte Green31,G,32,"6' 5""",205 lbs,Radford,"$2,296,274",https://www.espn.com/nba/team/roster/_/name/det/detroit-pistons,detroit-pistons
,Tobias Harris12,F,33,"6' 8""",226 lbs,Tennessee,"$26,634,146",https://www.espn.com/nba/team/roster/_/name/det/detroit-pistons,detroit-pistons
,Ronald Holland II5,F,20,"6' 8""",206 lbs,--,"$8,657,280",https://www.espn.com/nba/team/roster/_/name/det/detroit-pistons,detroit-pistons
,Jaden Ivey23,PG,23,"6' 4""",195 lbs,Purdue,"$10,107,163",https://www.espn.com/nba/team/roster/_/name/det/detroit-pistons,detroit-pistons
,Daniss Jenkins24,G,24,"6' 3""",165 lbs,St. John's,--,https://www.espn.com/nba/team/roster/_/name/det/detroit-pistons,detroit-pistons
,Colby Jones1,G,23,"6' 6""",207 lbs,Xavier,"$2,221,677",https://www.espn.com/nba/team/roster/_/name/det/detroit-pistons,detroit-pistons
,Bobi Klintman34,F,22,"6' 9""",225 lbs,Wake Forest,"$1,955,377",https://www.espn.com/nba/team/roster/_/name/det/detroit-pistons,detroit-pistons
,Chaz Lanier20,G,23,"6' 4""",199 lbs,Tennessee,"$1,372,870",https://www.espn.com/nba/team/roster/_/name/det/detroit-pistons,detroit-pistons
,Caris LeVert8,SG,31,"6' 6""",205 lbs,Michigan,"$14,104,000",https://www.espn.com/nba/team/roster/_/name/det/detroit-pistons,detroit-pistons
,Paul Reed7,F,26,"6' 9""",210 lbs,DePaul,"$5,335,894",https://www.espn.com/nba/team/roster/_/name/det/detroit-pistons,detroit-pistons
,Duncan Robinson55,F,31,"6' 7""",215 lbs,Michigan,"$16,834,692",https://www.espn.com/nba/team/roster/_/name/det/detroit-pistons,detroit-pistons
,Marcus Sasser25,G,25,"6' 2""",195 lbs,Houston,"$2,886,720",https://www.espn.com/nba/team/roster/_/name/det/detroit-pistons,detroit-pistons
,Tolu Smith35,F,25,"6' 11""",245 lbs,Mississippi State,--,https://www.espn.com/nba/team/roster/_/name/det/detroit-pistons,detroit-pistons
,Isaiah Stewart28,C,24,"6' 8""",250 lbs,Washington,"$15,000,000",https://www.espn.com/nba/team/roster/_/name/det/detroit-pistons,detroit-pistons
,Ausar Thompson9,F,22,"6' 6""",205 lbs,--,"$8,775,000",https://www.espn.com/nba/team/roster/_/name/det/detroit-pistons,detroit-pistons
,Brice Williams,G,24,"6' 7""",214 lbs,Nebraska,--,https://www.espn.com/nba/team/roster/_/name/det/detroit-pistons,detroit-pistons
,Tony Bradley13,C,27,"6' 11""",248 lbs,North Carolina,"$2,940,876",https://www.espn.com/nba/team/roster/_/name/ind/indiana-pacers,indiana-pacers
,RayJ Dennis10,G,24,"6' 2""",180 lbs,Baylor,--,https://www.espn.com/nba/team/roster/_/name/ind/indiana-pacers,indiana-pacers
,Johnny Furphy12,F,20,"6' 7""",195 lbs,Kansas,"$1,955,377",https://www.espn.com/nba/team/roster/_/name/ind/indiana-pacers,indiana-pacers
,Tyrese Haliburton0,PG,25,"6' 5""",185 lbs,Iowa State,"$45,550,512",https://www.espn.com/nba/team/roster/_/name/ind/indiana-pacers,indiana-pacers
,Jay Huff32,C,28,"7' 1""",240 lbs,Virginia,"$2,349,578",https://www.espn.com/nba/team/roster/_/name/ind/indiana-pacers,indiana-pacers
,Isaiah Jackson22,SF,23,"6' 9""",205 lbs,Kentucky,"$7,000,000",https://www.espn.com/nba/team/roster/_/name/ind/indiana-pacers,indiana-pacers
,Quenton Jackson29,G,27,"6' 5""",180 lbs,Texas A&M,--,https://www.espn.com/nba/team/roster/_/name/ind/indiana-pacers,indiana-pacers
,Kam Jones7,G,23,"6' 5""",200 lbs,Marquette,"$1,272,870",https://www.espn.com/nba/team/roster/_/name/ind/indiana-pacers,indiana-pacers
,Bennedict Mathurin00,SG,23,"6' 5""",210 lbs,Arizona,"$9,187,573",https://www.espn.com/nba/team/roster/_/name/ind/indiana-pacers,indiana-pacers
,T.J. McConnell9,PG,33,"6' 1""",190 lbs,Arizona,"$10,200,000",https://www.espn.com/nba/team/roster/_/name/ind/indiana-pacers,indiana-pacers
,Gabe McGlothan41,F,26,"6' 7""",235 lbs,Grand Canyon,--,https://www.espn.com/nba/team/roster/_/name/ind/indiana-pacers,indiana-pacers
,Andrew Nembhard2,PG,25,"6' 4""",191 lbs,Gonzaga,"$18,102,000",https://www.espn.com/nba/team/roster/_/name/ind/indiana-pacers,indiana-pacers
,Aaron Nesmith23,SF,25,"6' 6""",215 lbs,Vanderbilt,"$11,000,000",https://www.espn.com/nba/team/roster/_/name/ind/indiana-pacers,indiana-pacers
,Taelon Peter4,G,23,"6' 4""",185 lbs,Liberty,--,https://www.espn.com/nba/team/roster/_/name/ind/indiana-pacers,indiana-pacers
,Ben Sheppard26,G,24,"6' 6""",190 lbs,Belmont,"$2,790,720",https://www.espn.com/nba/team/roster/_/name/ind/indiana-pacers,indiana-pacers
,Pascal Siakam43,PF,31,"6' 8""",245 lbs,New Mexico State,"$45,550,512",https://www.espn.com/nba/team/roster/_/name/ind/indiana-pacers,indiana-pacers
,Jalen Slawson18,F,25,"6' 7""",215 lbs,Furman,--,https://www.espn.com/nba/team/roster/_/name/ind/indiana-pacers,indiana-pacers
,Obi Toppin1,PF,27,"6' 9""",220 lbs,Dayton,"$14,000,000",https://www.espn.com/nba/team/roster/_/name/ind/indiana-pacers,indiana-pacers
,Jarace Walker5,F,22,"6' 7""",235 lbs,Houston,"$6,665,520",https://www.espn.com/nba/team/roster/_/name/ind/indiana-pacers,indiana-pacers
,James Wiseman11,C,24,"6' 11""",240 lbs,Memphis,"$2,667,947",https://www.espn.com/nba/team/roster/_/name/ind/indiana-pacers,indiana-pacers
,Giannis Antetokounmpo34,PF,30,"6' 11""",243 lbs,--,"$54,126,450",https://www.espn.com/nba/team/roster/_/name/mil/milwaukee-bucks,milwaukee-bucks
,Thanasis Antetokounmpo43,SF,33,"6' 7""",219 lbs,--,"$2,296,274",https://www.espn.com/nba/team/roster/_/name/mil/milwaukee-bucks,milwaukee-bucks
,Cole Anthony50,PG,25,"6' 2""",185 lbs,North Carolina,"$13,100,000",https://www.espn.com/nba/team/roster/_/name/mil/milwaukee-bucks,milwaukee-bucks
,Jamaree Bouyea15,G,26,"6' 2""",180 lbs,San Francisco,--,https://www.espn.com/nba/team/roster/_/name/mil/milwaukee-bucks,milwaukee-bucks
,Amir Coffey17,F,28,"6' 7""",210 lbs,Minnesota,--,https://www.espn.com/nba/team/roster/_/name/mil/milwaukee-bucks,milwaukee-bucks
,AJ Green20,G,26,"6' 4""",190 lbs,Northern Iowa,"$2,301,587",https://www.espn.com/nba/team/roster/_/name/mil/milwaukee-bucks,milwaukee-bucks
,Gary Harris11,SG,31,"6' 4""",210 lbs,Michigan State,"$3,634,153",https://www.espn.com/nba/team/roster/_/name/mil/milwaukee-bucks,milwaukee-bucks
,Andre Jackson Jr.44,G,23,"6' 6""",209 lbs,UConn,"$2,221,677",https://www.espn.com/nba/team/roster/_/name/mil/milwaukee-bucks,milwaukee-bucks
,Kyle Kuzma0,SF,30,"6' 9""",221 lbs,Utah,"$21,810,605",https://www.espn.com/nba/team/roster/_/name/mil/milwaukee-bucks,milwaukee-bucks
,Chris Livingston24,F,21,"6' 6""",220 lbs,Kentucky,"$2,296,274",https://www.espn.com/nba/team/roster/_/name/mil/milwaukee-bucks,milwaukee-bucks
,Pete Nance35,F,25,"6' 10""",220 lbs,North Carolina,--,https://www.espn.com/nba/team/roster/_/name/mil/milwaukee-bucks,milwaukee-bucks
,Kevin Porter Jr.7,G,25,"6' 4""",203 lbs,USC,--,https://www.espn.com/nba/team/roster/_/name/mil/milwaukee-bucks,milwaukee-bucks
,Bobby Portis9,F,30,"6' 10""",250 lbs,Arkansas,"$13,580,247",https://www.espn.com/nba/team/roster/_/name/mil/milwaukee-bucks,milwaukee-bucks
,Taurean Prince12,PF,31,"6' 6""",218 lbs,Baylor,"$3,303,774",https://www.espn.com/nba/team/roster/_/name/mil/milwaukee-bucks,milwaukee-bucks
,Ryan Rollins13,G,23,"6' 3""",180 lbs,Toledo,"$4,000,000",https://www.espn.com/nba/team/roster/_/name/mil/milwaukee-bucks,milwaukee-bucks
,Cormac Ryan30,G,26,"6' 5""",195 lbs,North Carolina,--,https://www.espn.com/nba/team/roster/_/name/mil/milwaukee-bucks,milwaukee-bucks
,Mark Sears19,G,23,"6' 1""",185 lbs,Alabama,--,https://www.espn.com/nba/team/roster/_/name/mil/milwaukee-bucks,milwaukee-bucks
,Jericho Sims00,C,26,"6' 10""",250 lbs,Texas,"$2,461,463",https://www.espn.com/nba/team/roster/_/name/mil/milwaukee-bucks,milwaukee-bucks
,Tyler Smith21,F,20,"6' 9""",220 lbs,--,"$1,955,377",https://www.espn.com/nba/team/roster/_/name/mil/milwaukee-bucks,milwaukee-bucks
,Gary Trent Jr.5,SG,26,"6' 5""",204 lbs,Duke,"$3,697,105",https://www.espn.com/nba/team/roster/_/name/mil/milwaukee-bucks,milwaukee-bucks
,Myles Turner3,C,29,"6' 11""",250 lbs,Texas,"$25,318,251",https://www.espn.com/nba/team/roster/_/name/mil/milwaukee-bucks,milwaukee-bucks
,Nickeil Alexander-Walker7,SG,27,"6' 5""",205 lbs,Virginia Tech,"$15,161,800",https://www.espn.com/nba/team/roster/_/name/atl/atlanta-hawks,atlanta-hawks
,Charles Bassey28,C,24,"6' 10""",230 lbs,Western Kentucky,--,https://www.espn.com/nba/team/roster/_/name/atl/atlanta-hawks,atlanta-hawks
,Dyson Daniels5,G,22,"6' 7""",199 lbs,--,"$7,707,709",https://www.espn.com/nba/team/roster/_/name/atl/atlanta-hawks,atlanta-hawks
,N'Faly Dante12,C,23,"6' 11""",230 lbs,Oregon,--,https://www.espn.com/nba/team/roster/_/name/atl/atlanta-hawks,atlanta-hawks
,Nikola Djurisic22,F,21,"6' 7""",209 lbs,--,"$1,272,870",https://www.espn.com/nba/team/roster/_/name/atl/atlanta-hawks,atlanta-hawks
,Mouhamed Gueye18,F,22,"6' 10""",210 lbs,Washington State,"$2,221,677",https://www.espn.com/nba/team/roster/_/name/atl/atlanta-hawks,atlanta-hawks
,Caleb Houstan33,G,22,"6' 8""",205 lbs,Michigan,--,https://www.espn.com/nba/team/roster/_/name/atl/atlanta-hawks,atlanta-hawks
,Jalen Johnson1,SF,23,"6' 8""",219 lbs,Duke,"$30,000,000",https://www.espn.com/nba/team/roster/_/name/atl/atlanta-hawks,atlanta-hawks
,Luke Kennard3,SG,29,"6' 5""",206 lbs,Duke,"$11,000,000",https://www.espn.com/nba/team/roster/_/name/atl/atlanta-hawks,atlanta-hawks
,Vit Krejci27,G,25,"6' 8""",195 lbs,--,"$2,349,578",https://www.espn.com/nba/team/roster/_/name/atl/atlanta-hawks,atlanta-hawks
,Eli John N'Diaye30,C,21,"6' 8""",209 lbs,--,--,https://www.espn.com/nba/team/roster/_/name/atl/atlanta-hawks,atlanta-hawks
,Asa Newell14,F,20,"6' 11""",220 lbs,Georgia,"$3,237,480",https://www.espn.com/nba/team/roster/_/name/atl/atlanta-hawks,atlanta-hawks
,Onyeka Okongwu17,PF,24,"6' 10""",240 lbs,USC,"$15,000,000",https://www.espn.com/nba/team/roster/_/name/atl/atlanta-hawks,atlanta-hawks
,Kristaps Porzingis8,C,30,"7' 2""",240 lbs,--,"$30,731,707",https://www.espn.com/nba/team/roster/_/name/atl/atlanta-hawks,atlanta-hawks
,Zaccharie Risacher10,PF,20,"6' 8""",200 lbs,--,"$13,197,720",https://www.espn.com/nba/team/roster/_/name/atl/atlanta-hawks,atlanta-hawks
,Jacob Toppin0,F,25,"6' 8""",200 lbs,Kentucky,--,https://www.espn.com/nba/team/roster/_/name/atl/atlanta-hawks,atlanta-hawks
,Keaton Wallace2,G,26,"6' 3""",185 lbs,UTSA,--,https://www.espn.com/nba/team/roster/_/name/atl/atlanta-hawks,atlanta-hawks
,Trae Young11,PG,27,"6' 1""",164 lbs,Oklahoma,"$45,997,800",https://www.espn.com/nba/team/roster/_/name/atl/atlanta-hawks,atlanta-hawks
,Ibou Badji41,C,22,"7' 1""",240 lbs,--,--,https://www.espn.com/nba/team/roster/_/name/cha/charlotte-hornets,charlotte-hornets
,LaMelo Ball1,PG,24,"6' 7""",180 lbs,--,"$37,958,760",https://www.espn.com/nba/team/roster/_/name/cha/charlotte-hornets,charlotte-hornets
,Miles Bridges0,SF,27,"6' 7""",225 lbs,Michigan State,"$25,000,000",https://www.espn.com/nba/team/roster/_/name/cha/charlotte-hornets,charlotte-hornets
,Pat Connaughton21,SG,32,"6' 5""",209 lbs,Notre Dame,"$9,423,869",https://www.espn.com/nba/team/roster/_/name/cha/charlotte-hornets,charlotte-hornets
,Moussa Diabate14,F,23,"6' 9""",210 lbs,Michigan,"$2,270,735",https://www.espn.com/nba/team/roster/_/name/cha/charlotte-hornets,charlotte-hornets
,Spencer Dinwiddie26,PG,32,"6' 5""",215 lbs,Colorado,"$2,296,274",https://www.espn.com/nba/team/roster/_/name/cha/charlotte-hornets,charlotte-hornets
,Eric Dixon43,F,24,"6' 8""",259 lbs,Villanova,--,https://www.espn.com/nba/team/roster/_/name/cha/charlotte-hornets,charlotte-hornets
,Josh Green10,SG,24,"6' 5""",200 lbs,Arizona,"$13,666,667",https://www.espn.com/nba/team/roster/_/name/cha/charlotte-hornets,charlotte-hornets
,Sion James4,G,22,"6' 6""",220 lbs,Duke,"$2,296,274",https://www.espn.com/nba/team/roster/_/name/cha/charlotte-hornets,charlotte-hornets
,Ryan Kalkbrenner11,C,23,"7' 1""",270 lbs,Creighton,"$2,296,274",https://www.espn.com/nba/team/roster/_/name/cha/charlotte-hornets,charlotte-hornets
,Kon Knueppel7,G,20,"6' 7""",217 lbs,Duke,"$10,015,680",https://www.espn.com/nba/team/roster/_/name/cha/charlotte-hornets,charlotte-hornets
,Tre Mann23,PG,24,"6' 3""",178 lbs,Florida,"$8,000,000",https://www.espn.com/nba/team/roster/_/name/cha/charlotte-hornets,charlotte-hornets
,Liam McNeeley33,G,20,"6' 7""",210 lbs,UConn,"$2,763,960",https://www.espn.com/nba/team/roster/_/name/cha/charlotte-hornets,charlotte-hornets
,Brandon Miller24,F,22,"6' 7""",200 lbs,Alabama,"$11,968,800",https://www.espn.com/nba/team/roster/_/name/cha/charlotte-hornets,charlotte-hornets
,Drew Peterson13,F,25,"6' 9""",205 lbs,USC,--,https://www.espn.com/nba/team/roster/_/name/cha/charlotte-hornets,charlotte-hornets
,Mason Plumlee22,C,35,"6' 10""",254 lbs,Duke,"$2,296,274",https://www.espn.com/nba/team/roster/_/name/cha/charlotte-hornets,charlotte-hornets
,Antonio Reeves12,G,24,"6' 5""",205 lbs,Kentucky,"$1,955,377",https://www.espn.com/nba/team/roster/_/name/cha/charlotte-hornets,charlotte-hornets
,DJ Rodman5,G,24,"6' 6""",225 lbs,USC,--,https://www.espn.com/nba/team/roster/_/name/cha/charlotte-hornets,charlotte-hornets
,Tidjane Salaun31,F,20,"6' 8""",207 lbs,--,"$7,863,240",https://www.espn.com/nba/team/roster/_/name/cha/charlotte-hornets,charlotte-hornets
,Collin Sexton8,G,26,"6' 3""",190 lbs,Alabama,"$19,170,000",https://www.espn.com/nba/team/roster/_/name/cha/charlotte-hornets,charlotte-hornets
,KJ Simpson25,G,23,"6' 0""",189 lbs,Colorado,--,https://www.espn.com/nba/team/roster/_/name/cha/charlotte-hornets,charlotte-hornets
,Grant Williams2,PF,26,"6' 6""",236 lbs,Tennessee,"$13,645,500",https://www.espn.com/nba/team/roster/_/name/cha/charlotte-hornets,charlotte-hornets
,Precious Achiuwa8,PF,26,"6' 8""",243 lbs,Memphis,--,https://www.espn.com/nba/team/roster/_/name/mia/miami-heat,miami-heat
,Bam Adebayo13,C,28,"6' 9""",255 lbs,Kentucky,"$37,096,620",https://www.espn.com/nba/team/roster/_/name/mia/miami-heat,miami-heat
,Dain Dainja42,F,23,"6' 9""",271 lbs,Memphis,--,https://www.espn.com/nba/team/roster/_/name/mia/miami-heat,miami-heat
,Simone Fontecchio0,F,29,"6' 7""",209 lbs,--,"$8,307,692",https://www.espn.com/nba/team/roster/_/name/mia/miami-heat,miami-heat
,Myron Gardner15,F,24,"6' 6""",220 lbs,Little Rock,--,https://www.espn.com/nba/team/roster/_/name/mia/miami-heat,miami-heat
,Vladislav Goldin50,C,24,"7' 1""",250 lbs,Michigan,--,https://www.espn.com/nba/team/roster/_/name/mia/miami-heat,miami-heat
,Tyler Herro14,PG,25,"6' 5""",195 lbs,Kentucky,"$31,000,000",https://www.espn.com/nba/team/roster/_/name/mia/miami-heat,miami-heat
,Kasparas Jakucionis25,G,19,"6' 6""",200 lbs,Illinois,"$3,658,800",https://www.espn.com/nba/team/roster/_/name/mia/miami-heat,miami-heat
,Jaime Jaquez Jr.11,G,24,"6' 6""",225 lbs,UCLA,"$3,861,600",https://www.espn.com/nba/team/roster/_/name/mia/miami-heat,miami-heat
,Keshad Johnson16,F,24,"6' 7""",225 lbs,Arizona,"$1,955,377",https://www.espn.com/nba/team/roster/_/name/mia/miami-heat,miami-heat
,Nikola Jovic5,F,22,"6' 10""",205 lbs,--,"$4,445,417",https://www.espn.com/nba/team/roster/_/name/mia/miami-heat,miami-heat
,Pelle Larsson9,G,24,"6' 5""",215 lbs,Arizona,"$1,955,377",https://www.espn.com/nba/team/roster/_/name/mia/miami-heat,miami-heat
,Gabe Madsen,G,24,"6' 6""",202 lbs,Utah,--,https://www.espn.com/nba/team/roster/_/name/mia/miami-heat,miami-heat
,Davion Mitchell45,PG,27,"6' 0""",202 lbs,Baylor,"$11,600,000",https://www.espn.com/nba/team/roster/_/name/mia/miami-heat,miami-heat
,Norman Powell24,G,32,"6' 4""",215 lbs,UCLA,"$20,482,758",https://www.espn.com/nba/team/roster/_/name/mia/miami-heat,miami-heat
,Terry Rozier2,SG,31,"6' 1""",190 lbs,Louisville,"$26,643,031",https://www.espn.com/nba/team/roster/_/name/mia/miami-heat,miami-heat
,Dru Smith12,G,27,"6' 2""",203 lbs,Missouri,"$2,378,870",https://www.espn.com/nba/team/roster/_/name/mia/miami-heat,miami-heat
,Ethan Thompson55,G,26,"6' 5""",195 lbs,Oregon State,--,https://www.espn.com/nba/team/roster/_/name/mia/miami-heat,miami-heat
,Kel'el Ware7,C,21,"7' 0""",230 lbs,Indiana,"$4,443,360",https://www.espn.com/nba/team/roster/_/name/mia/miami-heat,miami-heat
,Andrew Wiggins22,SF,30,"6' 7""",197 lbs,Kansas,"$28,223,214",https://www.espn.com/nba/team/roster/_/name/mia/miami-heat,miami-heat
,Jahmir Young17,G,25,"6' 1""",185 lbs,Maryland,--,https://www.espn.com/nba/team/roster/_/name/mia/miami-heat,miami-heat
,Paolo Banchero5,PF,22,"6' 10""",250 lbs,Duke,"$15,334,769",https://www.espn.com/nba/team/roster/_/name/orl/orlando-magic,orlando-magic
,Desmond Bane3,SG,27,"6' 5""",215 lbs,TCU,"$36,725,670",https://www.espn.com/nba/team/roster/_/name/orl/orlando-magic,orlando-magic
,Reece Beekman26,G,24,"6' 3""",190 lbs,Virginia,--,https://www.espn.com/nba/team/roster/_/name/orl/orlando-magic,orlando-magic
,Goga Bitadze35,C,26,"6' 10""",250 lbs,--,"$8,333,333",https://www.espn.com/nba/team/roster/_/name/orl/orlando-magic,orlando-magic
,Anthony Black0,G,21,"6' 7""",200 lbs,Arkansas,"$7,970,280",https://www.espn.com/nba/team/roster/_/name/orl/orlando-magic,orlando-magic
,Jamal Cain8,F,26,"6' 6""",191 lbs,Oakland,--,https://www.espn.com/nba/team/roster/_/name/orl/orlando-magic,orlando-magic
,Wendell Carter Jr.34,C,26,"6' 10""",270 lbs,Duke,"$10,850,000",https://www.espn.com/nba/team/roster/_/name/orl/orlando-magic,orlando-magic
,Colin Castleton14,C,25,"6' 10""",250 lbs,Florida,"$2,191,897",https://www.espn.com/nba/team/roster/_/name/orl/orlando-magic,orlando-magic
,Jalen Crutcher17,G,26,"6' 1""",165 lbs,Dayton,--,https://www.espn.com/nba/team/roster/_/name/orl/orlando-magic,orlando-magic
,Tristan da Silva23,F,24,"6' 8""",217 lbs,Colorado,"$3,809,520",https://www.espn.com/nba/team/roster/_/name/orl/orlando-magic,orlando-magic
,Jett Howard13,G,22,"6' 6""",215 lbs,Michigan,"$5,529,720",https://www.espn.com/nba/team/roster/_/name/orl/orlando-magic,orlando-magic
,Jonathan Isaac1,PF,28,"6' 10""",230 lbs,Florida State,"$15,000,000",https://www.espn.com/nba/team/roster/_/name/orl/orlando-magic,orlando-magic
,Tyus Jones2,PG,29,"6' 1""",196 lbs,Duke,"$7,000,000",https://www.espn.com/nba/team/roster/_/name/orl/orlando-magic,orlando-magic
,Alex Morales30,G,27,"6' 6""",180 lbs,Wagner,--,https://www.espn.com/nba/team/roster/_/name/orl/orlando-magic,orlando-magic
,Noah Penda93,F,20,"6' 7""",198 lbs,--,"$1,272,870",https://www.espn.com/nba/team/roster/_/name/orl/orlando-magic,orlando-magic
,Lester Quinones24,G,24,"6' 4""",208 lbs,Memphis,--,https://www.espn.com/nba/team/roster/_/name/orl/orlando-magic,orlando-magic
,Jase Richardson11,G,19,"6' 3""",185 lbs,Michigan State,"$2,983,320",https://www.espn.com/nba/team/roster/_/name/orl/orlando-magic,orlando-magic
,Orlando Robinson7,C,25,"6' 10""",235 lbs,Fresno State,--,https://www.espn.com/nba/team/roster/_/name/orl/orlando-magic,orlando-magic
,Jalen Suggs4,SG,24,"6' 5""",205 lbs,Gonzaga,"$35,000,000",https://www.espn.com/nba/team/roster/_/name/orl/orlando-magic,orlando-magic
,Franz Wagner22,SF,24,"6' 10""",220 lbs,Michigan,"$38,661,750",https://www.espn.com/nba/team/roster/_/name/orl/orlando-magic,orlando-magic
,Moritz Wagner21,C,28,"6' 11""",245 lbs,Michigan,"$5,000,000",https://www.espn.com/nba/team/roster/_/name/orl/orlando-magic,orlando-magic
,Marvin Bagley III35,F,26,"6' 10""",235 lbs,Duke,"$2,296,274",https://www.espn.com/nba/team/roster/_/name/wsh/washington-wizards,washington-wizards
,Malaki Branham8,G,22,"6' 4""",180 lbs,Ohio State,"$4,962,033",https://www.espn.com/nba/team/roster/_/name/wsh/washington-wizards,washington-wizards
,Bub Carrington7,G,20,"6' 4""",190 lbs,Pittsburgh,"$4,677,600",https://www.espn.com/nba/team/roster/_/name/wsh/washington-wizards,washington-wizards
,Justin Champagnie9,SF,24,"6' 6""",206 lbs,Pittsburgh,"$2,349,578",https://www.espn.com/nba/team/roster/_/name/wsh/washington-wizards,washington-wizards
,Sharife Cooper13,G,24,"6' 1""",176 lbs,Auburn,--,https://www.espn.com/nba/team/roster/_/name/wsh/washington-wizards,washington-wizards
,Bilal Coulibaly0,SG,21,"6' 8""",195 lbs,--,"$7,275,600",https://www.espn.com/nba/team/roster/_/name/wsh/washington-wizards,washington-wizards
,Kyshawn George18,F,21,"6' 8""",200 lbs,Miami,"$2,966,760",https://www.espn.com/nba/team/roster/_/name/wsh/washington-wizards,washington-wizards
,Keshon Gilbert55,G,22,"6' 4""",200 lbs,Iowa State,--,https://www.espn.com/nba/team/roster/_/name/wsh/washington-wizards,washington-wizards
,Anthony Gill16,PF,32,"6' 8""",230 lbs,Virginia,"$2,546,675",https://www.espn.com/nba/team/roster/_/name/wsh/washington-wizards,washington-wizards
,AJ Johnson4,G,20,"6' 5""",160 lbs,--,"$3,090,480",https://www.espn.com/nba/team/roster/_/name/wsh/washington-wizards,washington-wizards
,Tre Johnson12,G,19,"6' 6""",190 lbs,Texas,"$8,237,640",https://www.espn.com/nba/team/roster/_/name/wsh/washington-wizards,washington-wizards
,Dillon Jones33,G,23,"6' 5""",235 lbs,Weber State,"$2,753,280",https://www.espn.com/nba/team/roster/_/name/wsh/washington-wizards,washington-wizards
,Corey Kispert24,SF,26,"6' 6""",224 lbs,Gonzaga,"$13,975,000",https://www.espn.com/nba/team/roster/_/name/wsh/washington-wizards,washington-wizards
,CJ McCollum3,SG,34,"6' 3""",190 lbs,Lehigh,"$30,666,666",https://www.espn.com/nba/team/roster/_/name/wsh/washington-wizards,washington-wizards
,Khris Middleton32,SF,34,"6' 7""",222 lbs,Texas A&M,"$33,926,296",https://www.espn.com/nba/team/roster/_/name/wsh/washington-wizards,washington-wizards
,Will Riley27,G,19,"6' 8""",180 lbs,Illinois,"$3,512,520",https://www.espn.com/nba/team/roster/_/name/wsh/washington-wizards,washington-wizards
,Alex Sarr20,PF,20,"7' 0""",205 lbs,--,"$11,808,240",https://www.espn.com/nba/team/roster/_/name/wsh/washington-wizards,washington-wizards
,Tristan Vukcevic00,PF,22,"7' 0""",220 lbs,--,--,https://www.espn.com/nba/team/roster/_/name/wsh/washington-wizards,washington-wizards
,Jamir Watkins5,G,24,"6' 7""",210 lbs,Florida State,--,https://www.espn.com/nba/team/roster/_/name/wsh/washington-wizards,washington-wizards
,Cam Whitmore1,F,21,"6' 7""",230 lbs,Villanova,"$3,539,760",https://www.espn.com/nba/team/roster/_/name/wsh/washington-wizards,washington-wizards
,Tamar Bates7,G,22,"6' 5""",193 lbs,Missouri,--,https://www.espn.com/nba/team/roster/_/name/den/denver-nuggets,denver-nuggets
,Christian Braun0,G,24,"6' 6""",220 lbs,Kansas,"$4,921,797",https://www.espn.com/nba/team/roster/_/name/den/denver-nuggets,denver-nuggets
,Bruce Brown11,SF,29,"6' 4""",202 lbs,Miami,"$2,296,274",https://www.espn.com/nba/team/roster/_/name/den/denver-nuggets,denver-nuggets
,Moses Brown6,C,25,"7' 2""",258 lbs,UCLA,--,https://www.espn.com/nba/team/roster/_/name/den/denver-nuggets,denver-nuggets
,Kessler Edwards,F,25,"6' 7""",203 lbs,Pepperdine,--,https://www.espn.com/nba/team/roster/_/name/den/denver-nuggets,denver-nuggets
,Aaron Gordon32,PF,30,"6' 8""",235 lbs,Arizona,"$22,841,455",https://www.espn.com/nba/team/roster/_/name/den/denver-nuggets,denver-nuggets
,Tim Hardaway Jr.10,SF,33,"6' 5""",205 lbs,Michigan,"$2,296,274",https://www.espn.com/nba/team/roster/_/name/den/denver-nuggets,denver-nuggets
,DaRon Holmes II14,C,23,"6' 9""",236 lbs,Dayton,"$3,218,760",https://www.espn.com/nba/team/roster/_/name/den/denver-nuggets,denver-nuggets
,Cameron Johnson23,SF,29,"6' 8""",210 lbs,North Carolina,"$21,057,065",https://www.espn.com/nba/team/roster/_/name/den/denver-nuggets,denver-nuggets
,Nikola Jokic15,C,30,"6' 11""",284 lbs,--,"$55,224,526",https://www.espn.com/nba/team/roster/_/name/den/denver-nuggets,denver-nuggets
,Curtis Jones25,G,24,"6' 6""",165 lbs,Iowa State,--,https://www.espn.com/nba/team/roster/_/name/den/denver-nuggets,denver-nuggets
,Spencer Jones21,F,24,"6' 7""",225 lbs,Stanford,--,https://www.espn.com/nba/team/roster/_/name/den/denver-nuggets,denver-nuggets
,Jamal Murray27,PG,28,"6' 4""",215 lbs,Kentucky,"$46,394,100",https://www.espn.com/nba/team/roster/_/name/den/denver-nuggets,denver-nuggets
,Zeke Nnaji22,PF,24,"6' 9""",240 lbs,Arizona,"$8,177,778",https://www.espn.com/nba/team/roster/_/name/den/denver-nuggets,denver-nuggets
,Jalen Pickett24,G,25,"6' 2""",202 lbs,Siena,"$2,221,677",https://www.espn.com/nba/team/roster/_/name/den/denver-nuggets,denver-nuggets
,Julian Strawther3,G,23,"6' 6""",205 lbs,Gonzaga,"$2,674,200",https://www.espn.com/nba/team/roster/_/name/den/denver-nuggets,denver-nuggets
,Hunter Tyson5,F,25,"6' 8""",215 lbs,Clemson,"$2,221,677",https://www.espn.com/nba/team/roster/_/name/den/denver-nuggets,denver-nuggets
,Jonas Valanciunas17,C,33,"6' 11""",265 lbs,--,"$10,395,000",https://www.espn.com/nba/team/roster/_/name/den/denver-nuggets,denver-nuggets
,Peyton Watson8,F,23,"6' 7""",200 lbs,UCLA,"$4,356,476",https://www.espn.com/nba/team/roster/_/name/den/denver-nuggets,denver-nuggets
,Joan Beringer19,C,18,"6' 11""",230 lbs,--,"$4,201,080",https://www.espn.com/nba/team/roster/_/name/min/minnesota-timberwolves,minnesota-timberwolves
,Jules Bernard14,G,25,"6' 6""",210 lbs,UCLA,--,https://www.espn.com/nba/team/roster/_/name/min/minnesota-timberwolves,minnesota-timberwolves
,Jaylen Clark22,G,23,"6' 4""",205 lbs,UCLA,"$2,191,897",https://www.espn.com/nba/team/roster/_/name/min/minnesota-timberwolves,minnesota-timberwolves
,Mike Conley10,PG,38,"6' 0""",175 lbs,Ohio State,"$10,774,038",https://www.espn.com/nba/team/roster/_/name/min/minnesota-timberwolves,minnesota-timberwolves
,Donte DiVincenzo0,SG,28,"6' 4""",203 lbs,Villanova,"$11,990,000",https://www.espn.com/nba/team/roster/_/name/min/minnesota-timberwolves,minnesota-timberwolves
,Rob Dillingham4,G,20,"6' 3""",175 lbs,Kentucky,"$6,576,120",https://www.espn.com/nba/team/roster/_/name/min/minnesota-timberwolves,minnesota-timberwolves
,Anthony Edwards5,SG,24,"6' 4""",225 lbs,Georgia,"$45,550,512",https://www.espn.com/nba/team/roster/_/name/min/minnesota-timberwolves,minnesota-timberwolves
,Enrique Freeman25,F,25,"6' 7""",225 lbs,Akron,--,https://www.espn.com/nba/team/roster/_/name/min/minnesota-timberwolves,minnesota-timberwolves
,Rudy Gobert27,C,33,"7' 1""",258 lbs,--,"$35,000,000",https://www.espn.com/nba/team/roster/_/name/min/minnesota-timberwolves,minnesota-timberwolves
,Bones Hyland8,PG,25,"6' 2""",169 lbs,VCU,--,https://www.espn.com/nba/team/roster/_/name/min/minnesota-timberwolves,minnesota-timberwolves
,Joe Ingles7,SG,38,"6' 8""",220 lbs,--,"$2,296,274",https://www.espn.com/nba/team/roster/_/name/min/minnesota-timberwolves,minnesota-timberwolves
,Alize Johnson24,F,29,"6' 8""",212 lbs,Missouri State,--,https://www.espn.com/nba/team/roster/_/name/min/minnesota-timberwolves,minnesota-timberwolves
,Johnny Juzang33,G,24,"6' 5""",226 lbs,UCLA,"$2,840,518",https://www.espn.com/nba/team/roster/_/name/min/minnesota-timberwolves,minnesota-timberwolves
,Jaden McDaniels3,PF,25,"6' 9""",185 lbs,Washington,"$24,858,622",https://www.espn.com/nba/team/roster/_/name/min/minnesota-timberwolves,minnesota-timberwolves
,Leonard Miller33,F,21,"6' 10""",220 lbs,--,"$2,221,677",https://www.espn.com/nba/team/roster/_/name/min/minnesota-timberwolves,minnesota-timberwolves
,Tristen Newton13,G,24,"6' 5""",190 lbs,UConn,--,https://www.espn.com/nba/team/roster/_/name/min/minnesota-timberwolves,minnesota-timberwolves
,Zyon Pullin,G,24,"6' 4""",206 lbs,Florida,--,https://www.espn.com/nba/team/roster/_/name/min/minnesota-timberwolves,minnesota-timberwolves
,Julius Randle30,PF,30,"6' 9""",250 lbs,Kentucky,"$30,864,198",https://www.espn.com/nba/team/roster/_/name/min/minnesota-timberwolves,minnesota-timberwolves
,Naz Reid11,C,26,"6' 9""",264 lbs,LSU,"$21,551,724",https://www.espn.com/nba/team/roster/_/name/min/minnesota-timberwolves,minnesota-timberwolves
,Terrence Shannon Jr.1,G,25,"6' 6""",215 lbs,Illinois,"$2,674,080",https://www.espn.com/nba/team/roster/_/name/min/minnesota-timberwolves,minnesota-timberwolves
,Rocco Zikarsky44,C,19,"7' 2""",227 lbs,--,--,https://www.espn.com/nba/team/roster/_/name/min/minnesota-timberwolves,minnesota-timberwolves
,Zack Austin16,F,24,"6' 5""",216 lbs,Pittsburgh,--,https://www.espn.com/nba/team/roster/_/name/okc/oklahoma-city-thunder,oklahoma-city-thunder
,Brooks Barnhizer23,F,23,"6' 6""",230 lbs,Northwestern,--,https://www.espn.com/nba/team/roster/_/name/okc/oklahoma-city-thunder,oklahoma-city-thunder
,Branden Carlson15,C,26,"7' 0""",220 lbs,Utah,--,https://www.espn.com/nba/team/roster/_/name/okc/oklahoma-city-thunder,oklahoma-city-thunder
,Alex Caruso9,SG,31,"6' 5""",186 lbs,Texas A&M,"$18,102,000",https://www.espn.com/nba/team/roster/_/name/okc/oklahoma-city-thunder,oklahoma-city-thunder
,Ousmane Dieng13,F,22,"6' 9""",185 lbs,--,"$6,670,882",https://www.espn.com/nba/team/roster/_/name/okc/oklahoma-city-thunder,oklahoma-city-thunder
,Luguentz Dort5,G,26,"6' 4""",220 lbs,Arizona State,"$18,222,222",https://www.espn.com/nba/team/roster/_/name/okc/oklahoma-city-thunder,oklahoma-city-thunder
,Shai Gilgeous-Alexander2,PG,27,"6' 6""",195 lbs,Kentucky,"$38,333,050",https://www.espn.com/nba/team/roster/_/name/okc/oklahoma-city-thunder,oklahoma-city-thunder
,Jazian Gortman14,G,22,"6' 1""",175 lbs,--,--,https://www.espn.com/nba/team/roster/_/name/okc/oklahoma-city-thunder,oklahoma-city-thunder
,Isaiah Hartenstein55,C,27,"7' 0""",250 lbs,--,"$28,500,000",https://www.espn.com/nba/team/roster/_/name/okc/oklahoma-city-thunder,oklahoma-city-thunder
,Chet Holmgren7,PF,23,"7' 1""",208 lbs,Gonzaga,"$13,731,368",https://www.espn.com/nba/team/roster/_/name/okc/oklahoma-city-thunder,oklahoma-city-thunder
,Isaiah Joe11,SG,26,"6' 3""",165 lbs,Arkansas,"$12,362,338",https://www.espn.com/nba/team/roster/_/name/okc/oklahoma-city-thunder,oklahoma-city-thunder
,Malevy Leons17,F,26,"6' 9""",203 lbs,Bradley,--,https://www.espn.com/nba/team/roster/_/name/okc/oklahoma-city-thunder,oklahoma-city-thunder
,Ajay Mitchell25,G,23,"6' 5""",190 lbs,UC Santa Barbara,"$3,000,000",https://www.espn.com/nba/team/roster/_/name/okc/oklahoma-city-thunder,oklahoma-city-thunder
,Thomas Sorber12,C,19,"6' 10""",255 lbs,Georgetown,"$4,655,040",https://www.espn.com/nba/team/roster/_/name/okc/oklahoma-city-thunder,oklahoma-city-thunder
,Nikola Topic44,G,20,"6' 6""",200 lbs,--,"$5,182,920",https://www.espn.com/nba/team/roster/_/name/okc/oklahoma-city-thunder,oklahoma-city-thunder
,Cason Wallace22,G,21,"6' 3""",195 lbs,Kentucky,"$5,820,240",https://www.espn.com/nba/team/roster/_/name/okc/oklahoma-city-thunder,oklahoma-city-thunder
,Aaron Wiggins21,SG,26,"6' 5""",190 lbs,Maryland,"$10,102,802",https://www.espn.com/nba/team/roster/_/name/okc/oklahoma-city-thunder,oklahoma-city-thunder
,Jalen Williams8,F,24,"6' 5""",211 lbs,Santa Clara,"$6,580,997",https://www.espn.com/nba/team/roster/_/name/okc/oklahoma-city-thunder,oklahoma-city-thunder
,Jaylin Williams6,F,23,"6' 9""",240 lbs,Arkansas,"$8,450,794",https://www.espn.com/nba/team/roster/_/name/okc/oklahoma-city-thunder,oklahoma-city-thunder
,Kenrich Williams34,SF,30,"6' 6""",210 lbs,TCU,"$7,163,000",https://www.espn.com/nba/team/roster/_/name/okc/oklahoma-city-thunder,oklahoma-city-thunder
,Chris Youngblood3,G,23,"6' 4""",221 lbs,Alabama,--,https://www.espn.com/nba/team/roster/_/name/okc/oklahoma-city-thunder,oklahoma-city-thunder
,Deni Avdija8,SF,24,"6' 9""",240 lbs,--,"$14,375,000",https://www.espn.com/nba/team/roster/_/name/por/portland-trail-blazers,portland-trail-blazers
,Toumani Camara33,F,25,"6' 7""",229 lbs,Dayton,"$2,221,677",https://www.espn.com/nba/team/roster/_/name/por/portland-trail-blazers,portland-trail-blazers
,Sidy Cissoko91,G,21,"6' 6""",200 lbs,--,--,https://www.espn.com/nba/team/roster/_/name/por/portland-trail-blazers,portland-trail-blazers
,Donovan Clingan23,C,21,"7' 2""",280 lbs,UConn,"$7,178,400",https://www.espn.com/nba/team/roster/_/name/por/portland-trail-blazers,portland-trail-blazers
,Javonte Cooke15,G,26,"6' 6""",182 lbs,Mars Hill,--,https://www.espn.com/nba/team/roster/_/name/por/portland-trail-blazers,portland-trail-blazers
,Jerami Grant9,SF,31,"6' 7""",210 lbs,Syracuse,"$32,000,000",https://www.espn.com/nba/team/roster/_/name/por/portland-trail-blazers,portland-trail-blazers
,Yang Hansen16,C,20,"7' 1""",260 lbs,--,"$4,422,360",https://www.espn.com/nba/team/roster/_/name/por/portland-trail-blazers,portland-trail-blazers
,Scoot Henderson00,G,21,"6' 3""",206 lbs,--,"$10,748,040",https://www.espn.com/nba/team/roster/_/name/por/portland-trail-blazers,portland-trail-blazers
,Jrue Holiday5,PG,35,"6' 4""",205 lbs,UCLA,"$32,400,000",https://www.espn.com/nba/team/roster/_/name/por/portland-trail-blazers,portland-trail-blazers
,Damian Lillard0,PG,35,"6' 2""",195 lbs,Weber State,"$14,104,000",https://www.espn.com/nba/team/roster/_/name/por/portland-trail-blazers,portland-trail-blazers
,Caleb Love2,G,24,"6' 4""",205 lbs,Arizona,--,https://www.espn.com/nba/team/roster/_/name/por/portland-trail-blazers,portland-trail-blazers
,Kris Murray24,F,25,"6' 8""",216 lbs,Iowa,"$3,132,000",https://www.espn.com/nba/team/roster/_/name/por/portland-trail-blazers,portland-trail-blazers
,Duop Reath26,C,29,"6' 9""",245 lbs,LSU,"$2,221,677",https://www.espn.com/nba/team/roster/_/name/por/portland-trail-blazers,portland-trail-blazers
,Rayan Rupert21,G,21,"6' 6""",195 lbs,--,"$2,221,677",https://www.espn.com/nba/team/roster/_/name/por/portland-trail-blazers,portland-trail-blazers
,Shaedon Sharpe17,SG,22,"6' 5""",208 lbs,Kentucky,"$8,399,983",https://www.espn.com/nba/team/roster/_/name/por/portland-trail-blazers,portland-trail-blazers
,Matisse Thybulle4,SG,28,"6' 5""",201 lbs,Washington,"$11,550,000",https://www.espn.com/nba/team/roster/_/name/por/portland-trail-blazers,portland-trail-blazers
,Blake Wesley1,G,22,"6' 3""",185 lbs,Notre Dame,"$4,726,328",https://www.espn.com/nba/team/roster/_/name/por/portland-trail-blazers,portland-trail-blazers
,Robert Williams III35,C,27,"6' 9""",249 lbs,Texas A&M,"$13,285,713",https://www.espn.com/nba/team/roster/_/name/por/portland-trail-blazers,portland-trail-blazers
,Max Abmas30,G,24,"6' 0""",175 lbs,Texas,--,https://www.espn.com/nba/team/roster/_/name/utah/utah-jazz,utah-jazz
,Kyle Anderson2,SF,32,"6' 9""",230 lbs,UCLA,"$9,219,512",https://www.espn.com/nba/team/roster/_/name/utah/utah-jazz,utah-jazz
,Ace Bailey19,G,19,"6' 8""",210 lbs,Rutgers,"$9,069,840",https://www.espn.com/nba/team/roster/_/name/utah/utah-jazz,utah-jazz
,Mo Bamba11,C,27,"7' 0""",231 lbs,Texas,--,https://www.espn.com/nba/team/roster/_/name/utah/utah-jazz,utah-jazz
,Walter Clayton Jr.13,G,22,"6' 3""",195 lbs,Florida,"$3,991,320",https://www.espn.com/nba/team/roster/_/name/utah/utah-jazz,utah-jazz
,Isaiah Collier8,G,21,"6' 3""",210 lbs,USC,"$2,638,200",https://www.espn.com/nba/team/roster/_/name/utah/utah-jazz,utah-jazz
,Steve Crowl25,C,24,"7' 0""",248 lbs,Wisconsin,--,https://www.espn.com/nba/team/roster/_/name/utah/utah-jazz,utah-jazz
,Kyle Filipowski22,F,21,"6' 11""",250 lbs,Duke,"$3,000,000",https://www.espn.com/nba/team/roster/_/name/utah/utah-jazz,utah-jazz
,Keyonte George3,G,21,"6' 4""",185 lbs,Baylor,"$4,278,960",https://www.espn.com/nba/team/roster/_/name/utah/utah-jazz,utah-jazz
,Elijah Harkless16,G,25,"6' 3""",195 lbs,UNLV,--,https://www.espn.com/nba/team/roster/_/name/utah/utah-jazz,utah-jazz
,Taylor Hendricks0,F,21,"6' 9""",215 lbs,UCF,"$6,127,080",https://www.espn.com/nba/team/roster/_/name/utah/utah-jazz,utah-jazz
,Walker Kessler24,C,24,"7' 0""",245 lbs,Auburn,"$4,878,938",https://www.espn.com/nba/team/roster/_/name/utah/utah-jazz,utah-jazz
,Kevin Love42,PF,37,"6' 8""",251 lbs,UCLA,"$4,150,000",https://www.espn.com/nba/team/roster/_/name/utah/utah-jazz,utah-jazz
,Lauri Markkanen23,PF,28,"7' 0""",240 lbs,Arizona,"$46,394,100",https://www.espn.com/nba/team/roster/_/name/utah/utah-jazz,utah-jazz
,Cam McGriff,F,28,"6' 7""",220 lbs,Oklahoma State,--,https://www.espn.com/nba/team/roster/_/name/utah/utah-jazz,utah-jazz
,Matthew Murrell15,G,23,"6' 4""",205 lbs,Ole Miss,--,https://www.espn.com/nba/team/roster/_/name/utah/utah-jazz,utah-jazz
,Svi Mykhailiuk10,SG,28,"6' 7""",205 lbs,Kansas,"$3,675,000",https://www.espn.com/nba/team/roster/_/name/utah/utah-jazz,utah-jazz
,Georges Niang31,SF,32,"6' 7""",230 lbs,Iowa State,"$8,200,000",https://www.espn.com/nba/team/roster/_/name/utah/utah-jazz,utah-jazz
,Jusuf Nurkic30,C,31,"7' 0""",290 lbs,--,"$19,375,000",https://www.espn.com/nba/team/roster/_/name/utah/utah-jazz,utah-jazz
,Brice Sensabaugh28,F,21,"6' 5""",235 lbs,Ohio State,"$2,693,760",https://www.espn.com/nba/team/roster/_/name/utah/utah-jazz,utah-jazz
,John Tonje17,F,24,"6' 5""",218 lbs,Wisconsin,--,https://www.espn.com/nba/team/roster/_/name/utah/utah-jazz,utah-jazz
,Oscar Tshiebwe34,C,25,"6' 8""",255 lbs,Kentucky,--,https://www.espn.com/nba/team/roster/_/name/utah/utah-jazz,utah-jazz
,Cody Williams5,F,20,"6' 7""",190 lbs,Colorado,"$5,742,480",https://www.espn.com/nba/team/roster/_/name/utah/utah-jazz,utah-jazz
,Taran Armstrong1,G,23,"6' 5""",190 lbs,California Baptist,--,https://www.espn.com/nba/team/roster/_/name/gs/golden-state-warriors,golden-state-warriors
,Marques Bolden,C,27,"6' 10""",249 lbs,Duke,--,https://www.espn.com/nba/team/roster/_/name/gs/golden-state-warriors,golden-state-warriors
,Jimmy Butler III10,SF,36,"6' 7""",230 lbs,Marquette,"$54,126,450",https://www.espn.com/nba/team/roster/_/name/gs/golden-state-warriors,golden-state-warriors
,L.J. Cryer40,G,24,"6' 1""",200 lbs,Houston,--,https://www.espn.com/nba/team/roster/_/name/gs/golden-state-warriors,golden-state-warriors
,Seth Curry31,SG,35,"6' 1""",185 lbs,Duke,--,https://www.espn.com/nba/team/roster/_/name/gs/golden-state-warriors,golden-state-warriors
,Stephen Curry30,PG,37,"6' 2""",185 lbs,Davidson,"$59,606,817",https://www.espn.com/nba/team/roster/_/name/gs/golden-state-warriors,golden-state-warriors
,Draymond Green23,PF,35,"6' 6""",230 lbs,Michigan State,"$25,892,857",https://www.espn.com/nba/team/roster/_/name/gs/golden-state-warriors,golden-state-warriors
,Buddy Hield7,SG,32,"6' 4""",220 lbs,Oklahoma,"$9,219,512",https://www.espn.com/nba/team/roster/_/name/gs/golden-state-warriors,golden-state-warriors
,Al Horford20,C,39,"6' 9""",240 lbs,Florida,--,https://www.espn.com/nba/team/roster/_/name/gs/golden-state-warriors,golden-state-warriors
,Trayce Jackson-Davis32,F,25,"6' 9""",245 lbs,Indiana,"$2,221,677",https://www.espn.com/nba/team/roster/_/name/gs/golden-state-warriors,golden-state-warriors
,Taevion Kinsey,G,25,"6' 5""",190 lbs,Marshall,--,https://www.espn.com/nba/team/roster/_/name/gs/golden-state-warriors,golden-state-warriors
,Jonathan Kuminga00,PF,23,"6' 7""",225 lbs,--,--,https://www.espn.com/nba/team/roster/_/name/gs/golden-state-warriors,golden-state-warriors
,De'Anthony Melton8,SG,27,"6' 3""",200 lbs,USC,--,https://www.espn.com/nba/team/roster/_/name/gs/golden-state-warriors,golden-state-warriors
,Moses Moody4,SG,23,"6' 5""",211 lbs,Arkansas,"$11,574,074",https://www.espn.com/nba/team/roster/_/name/gs/golden-state-warriors,golden-state-warriors
,Gary Payton II0,SG,32,"6' 2""",195 lbs,Oregon State,--,https://www.espn.com/nba/team/roster/_/name/gs/golden-state-warriors,golden-state-warriors
,Brandin Podziemski2,G,22,"6' 4""",205 lbs,Santa Clara,"$3,687,960",https://www.espn.com/nba/team/roster/_/name/gs/golden-state-warriors,golden-state-warriors
,Quinten Post21,C,25,"7' 0""",238 lbs,Boston College,"$1,935,377",https://www.espn.com/nba/team/roster/_/name/gs/golden-state-warriors,golden-state-warriors
,Will Richard,G,22,"6' 4""",206 lbs,Florida,--,https://www.espn.com/nba/team/roster/_/name/gs/golden-state-warriors,golden-state-warriors
,Jackson Rowe44,F,28,"6' 7""",210 lbs,Cal State Fullerton,--,https://www.espn.com/nba/team/roster/_/name/gs/golden-state-warriors,golden-state-warriors
,Gui Santos15,F,23,"6' 6""",185 lbs,--,"$2,221,677",https://www.espn.com/nba/team/roster/_/name/gs/golden-state-warriors,golden-state-warriors
,Pat Spencer61,G,29,"6' 3""",205 lbs,Northwestern,--,https://www.espn.com/nba/team/roster/_/name/gs/golden-state-warriors,golden-state-warriors
,Alex Toohey22,F,21,"6' 8""",--,--,--,https://www.espn.com/nba/team/roster/_/name/gs/golden-state-warriors,golden-state-warriors
,Patrick Baldwin Jr.23,G,22,"6' 9""",220 lbs,Milwaukee,--,https://www.espn.com/nba/team/roster/_/name/lac/la-clippers,la-clippers
,Nicolas Batum33,PF,36,"6' 8""",230 lbs,--,"$5,601,600",https://www.espn.com/nba/team/roster/_/name/lac/la-clippers,la-clippers
,Bradley Beal0,SG,32,"6' 4""",207 lbs,Florida,"$53,666,270",https://www.espn.com/nba/team/roster/_/name/lac/la-clippers,la-clippers
,Bogdan Bogdanovic10,SG,33,"6' 5""",225 lbs,--,"$16,020,000",https://www.espn.com/nba/team/roster/_/name/lac/la-clippers,la-clippers
,Kobe Brown24,G,25,"6' 7""",250 lbs,Missouri,--,https://www.espn.com/nba/team/roster/_/name/lac/la-clippers,la-clippers
,Cam Christie12,G,20,"6' 6""",190 lbs,Minnesota,"$1,955,377",https://www.espn.com/nba/team/roster/_/name/lac/la-clippers,la-clippers
,John Collins20,PF,28,"6' 9""",226 lbs,Wake Forest,"$26,580,000",https://www.espn.com/nba/team/roster/_/name/lac/la-clippers,la-clippers
,Kris Dunn8,G,31,"6' 3""",205 lbs,Providence,"$5,426,000",https://www.espn.com/nba/team/roster/_/name/lac/la-clippers,la-clippers
,Trentyn Flowers9,G,20,"6' 9""",185 lbs,--,--,https://www.espn.com/nba/team/roster/_/name/lac/la-clippers,la-clippers
,James Harden1,SG,36,"6' 5""",220 lbs,Arizona State,"$39,182,692",https://www.espn.com/nba/team/roster/_/name/lac/la-clippers,la-clippers
,Derrick Jones Jr.5,SF,28,"6' 6""",210 lbs,UNLV,"$10,000,000",https://www.espn.com/nba/team/roster/_/name/lac/la-clippers,la-clippers
,Yanic Konan Niederhauser14,C,22,"7' 0""",250 lbs,Penn State,"$2,743,800",https://www.espn.com/nba/team/roster/_/name/lac/la-clippers,la-clippers
,Kawhi Leonard2,SF,34,"6' 7""",225 lbs,San Diego State,"$50,000,000",https://www.espn.com/nba/team/roster/_/name/lac/la-clippers,la-clippers
,Brook Lopez,C,37,"7' 1""",282 lbs,Stanford,"$8,750,000",https://www.espn.com/nba/team/roster/_/name/lac/la-clippers,la-clippers
,Jordan Miller11,G,25,"6' 5""",194 lbs,Miami,"$2,191,897",https://www.espn.com/nba/team/roster/_/name/lac/la-clippers,la-clippers
,Chris Paul3,PG,40,"6' 0""",175 lbs,Wake Forest,"$2,296,274",https://www.espn.com/nba/team/roster/_/name/lac/la-clippers,la-clippers
,John Poulakidas,G,22,"6' 6""",205 lbs,Yale,--,https://www.espn.com/nba/team/roster/_/name/lac/la-clippers,la-clippers
,Jason Preston1,G,26,"6' 3""",181 lbs,Ohio,--,https://www.espn.com/nba/team/roster/_/name/lac/la-clippers,la-clippers
,Kobe Sanders4,G,23,"6' 9""",207 lbs,Nevada,--,https://www.espn.com/nba/team/roster/_/name/lac/la-clippers,la-clippers
,Jahmyl Telfort,F,24,"6' 7""",225 lbs,Butler,--,https://www.espn.com/nba/team/roster/_/name/lac/la-clippers,la-clippers
,Ivica Zubac40,C,28,"7' 0""",240 lbs,--,"$18,102,000",https://www.espn.com/nba/team/roster/_/name/lac/la-clippers,la-clippers
,Deandre Ayton5,C,27,"7' 0""",252 lbs,Arizona,"$8,104,000",https://www.espn.com/nba/team/roster/_/name/lal/los-angeles-lakers,los-angeles-lakers
,Jarron Cumberland,G,28,"6' 5""",205 lbs,Cincinnati,--,https://www.espn.com/nba/team/roster/_/name/lal/los-angeles-lakers,los-angeles-lakers
,RJ Davis99,G,23,"6' 0""",175 lbs,North Carolina,--,https://www.espn.com/nba/team/roster/_/name/lal/los-angeles-lakers,los-angeles-lakers
,Luka Doncic77,PG,26,"6' 6""",230 lbs,--,"$54,126,450",https://www.espn.com/nba/team/roster/_/name/lal/los-angeles-lakers,los-angeles-lakers
,Rui Hachimura28,PF,27,"6' 8""",230 lbs,Gonzaga,"$18,259,259",https://www.espn.com/nba/team/roster/_/name/lal/los-angeles-lakers,los-angeles-lakers
,Jaxson Hayes11,C,25,"7' 0""",220 lbs,Texas,"$3,449,324",https://www.espn.com/nba/team/roster/_/name/lal/los-angeles-lakers,los-angeles-lakers
,Bronny James9,G,21,"6' 2""",212 lbs,USC,"$1,955,377",https://www.espn.com/nba/team/roster/_/name/lal/los-angeles-lakers,los-angeles-lakers
,LeBron James23,SF,40,"6' 9""",250 lbs,--,"$52,627,153",https://www.espn.com/nba/team/roster/_/name/lal/los-angeles-lakers,los-angeles-lakers
,Tevian Jones,F,25,"6' 7""",220 lbs,Southern Utah,--,https://www.espn.com/nba/team/roster/_/name/lal/los-angeles-lakers,los-angeles-lakers
,Kylor Kelley50,C,28,"7' 0""",230 lbs,Oregon State,--,https://www.espn.com/nba/team/roster/_/name/lal/los-angeles-lakers,los-angeles-lakers
,Maxi Kleber14,PF,33,"6' 10""",240 lbs,--,"$11,000,000",https://www.espn.com/nba/team/roster/_/name/lal/los-angeles-lakers,los-angeles-lakers
,Dalton Knecht4,G,24,"6' 6""",215 lbs,Tennessee,"$4,010,160",https://www.espn.com/nba/team/roster/_/name/lal/los-angeles-lakers,los-angeles-lakers
,Christian Koloko10,C,25,"7' 0""",220 lbs,Arizona,--,https://www.espn.com/nba/team/roster/_/name/lal/los-angeles-lakers,los-angeles-lakers
,Jake LaRavia12,F,23,"6' 7""",235 lbs,Wake Forest,"$6,000,000",https://www.espn.com/nba/team/roster/_/name/lal/los-angeles-lakers,los-angeles-lakers
,Chris Manon30,G,23,"6' 5""",215 lbs,Vanderbilt,--,https://www.espn.com/nba/team/roster/_/name/lal/los-angeles-lakers,los-angeles-lakers
,Augustas Marciulionis96,G,23,"6' 4""",200 lbs,Saint Mary's,--,https://www.espn.com/nba/team/roster/_/name/lal/los-angeles-lakers,los-angeles-lakers
,Austin Reaves15,SG,27,"6' 5""",197 lbs,Oklahoma,"$13,937,574",https://www.espn.com/nba/team/roster/_/name/lal/los-angeles-lakers,los-angeles-lakers
,Marcus Smart36,PG,31,"6' 3""",220 lbs,Oklahoma State,"$5,134,000",https://www.espn.com/nba/team/roster/_/name/lal/los-angeles-lakers,los-angeles-lakers
,Nick Smith Jr.,G,21,"6' 2""",185 lbs,Arkansas,"$2,710,680",https://www.espn.com/nba/team/roster/_/name/lal/los-angeles-lakers,los-angeles-lakers
,Adou Thiero1,F,--,"6' 8""",220 lbs,Arkansas,"$1,272,870",https://www.espn.com/nba/team/roster/_/name/lal/los-angeles-lakers,los-angeles-lakers
,Jarred Vanderbilt2,PF,26,"6' 8""",214 lbs,Kentucky,"$11,571,429",https://www.espn.com/nba/team/roster/_/name/lal/los-angeles-lakers,los-angeles-lakers
,Gabe Vincent7,PG,29,"6' 2""",200 lbs,UC Santa Barbara,"$11,500,000",https://www.espn.com/nba/team/roster/_/name/lal/los-angeles-lakers,los-angeles-lakers
,Anton Watson41,F,25,"6' 8""",225 lbs,Gonzaga,--,https://www.espn.com/nba/team/roster/_/name/lal/los-angeles-lakers,los-angeles-lakers
,Nate Williams19,G,26,"6' 5""",205 lbs,Buffalo,"$2,270,735",https://www.espn.com/nba/team/roster/_/name/lal/los-angeles-lakers,los-angeles-lakers
,Grayson Allen8,SG,30,"6' 4""",198 lbs,Duke,"$16,875,000",https://www.espn.com/nba/team/roster/_/name/phx/phoenix-suns,phoenix-suns
,Damion Baugh,SG,25,"6' 4""",194 lbs,TCU,--,https://www.espn.com/nba/team/roster/_/name/phx/phoenix-suns,phoenix-suns
,Devin Booker1,SG,28,"6' 6""",206 lbs,Kentucky,"$53,142,264",https://www.espn.com/nba/team/roster/_/name/phx/phoenix-suns,phoenix-suns
,Koby Brea14,G,22,"6' 6""",202 lbs,Kentucky,--,https://www.espn.com/nba/team/roster/_/name/phx/phoenix-suns,phoenix-suns
,Dillon Brooks3,SF,29,"6' 6""",225 lbs,Oregon,"$22,124,110",https://www.espn.com/nba/team/roster/_/name/phx/phoenix-suns,phoenix-suns
,Jared Butler25,SG,25,"6' 3""",193 lbs,Baylor,"$2,349,578",https://www.espn.com/nba/team/roster/_/name/phx/phoenix-suns,phoenix-suns
,David Duke Jr.7,G,25,"6' 4""",204 lbs,Providence,--,https://www.espn.com/nba/team/roster/_/name/phx/phoenix-suns,phoenix-suns
,Ryan Dunn0,F,22,"6' 8""",216 lbs,Virginia,"$2,657,760",https://www.espn.com/nba/team/roster/_/name/phx/phoenix-suns,phoenix-suns
,Rasheer Fleming20,F,21,"6' 9""",240 lbs,Saint Joseph's,"$1,272,870",https://www.espn.com/nba/team/roster/_/name/phx/phoenix-suns,phoenix-suns
,Collin Gillespie12,G,26,"6' 1""",195 lbs,Villanova,"$2,296,274",https://www.espn.com/nba/team/roster/_/name/phx/phoenix-suns,phoenix-suns
,Jordan Goodwin23,G,26,"6' 4""",200 lbs,Saint Louis,"$2,349,578",https://www.espn.com/nba/team/roster/_/name/phx/phoenix-suns,phoenix-suns
,Jalen Green4,SG,23,"6' 4""",186 lbs,--,"$33,548,499",https://www.espn.com/nba/team/roster/_/name/phx/phoenix-suns,phoenix-suns
,Nigel Hayes-Davis21,F,30,"6' 8""",240 lbs,Wisconsin,"$2,296,274",https://www.espn.com/nba/team/roster/_/name/phx/phoenix-suns,phoenix-suns
,CJ Huntley22,F,23,"6' 11""",221 lbs,App State,--,https://www.espn.com/nba/team/roster/_/name/phx/phoenix-suns,phoenix-suns
,Oso Ighodaro11,C,23,"7' 0""",235 lbs,Marquette,"$1,955,377",https://www.espn.com/nba/team/roster/_/name/phx/phoenix-suns,phoenix-suns
,Isaiah Livers18,PF,27,"6' 6""",232 lbs,Michigan,--,https://www.espn.com/nba/team/roster/_/name/phx/phoenix-suns,phoenix-suns
,Khaman Maluach10,C,19,"7' 2""",250 lbs,Duke,"$6,016,080",https://www.espn.com/nba/team/roster/_/name/phx/phoenix-suns,phoenix-suns
,Royce O'Neale00,PF,32,"6' 6""",226 lbs,Baylor,"$10,125,000",https://www.espn.com/nba/team/roster/_/name/phx/phoenix-suns,phoenix-suns
,Nick Richards2,C,27,"7' 0""",245 lbs,Kentucky,"$5,000,000",https://www.espn.com/nba/team/roster/_/name/phx/phoenix-suns,phoenix-suns
,Mark Williams15,C,23,"7' 0""",240 lbs,Duke,"$6,276,531",https://www.espn.com/nba/team/roster/_/name/phx/phoenix-suns,phoenix-suns
,Daniel Batcho,F,23,"6' 11""",245 lbs,Louisiana Tech,--,https://www.espn.com/nba/team/roster/_/name/sac/sacramento-kings,sacramento-kings
,Dylan Cardwell32,C,23,"6' 11""",255 lbs,Auburn,--,https://www.espn.com/nba/team/roster/_/name/sac/sacramento-kings,sacramento-kings
,Devin Carter22,G,23,"6' 2""",195 lbs,Providence,"$4,923,720",https://www.espn.com/nba/team/roster/_/name/sac/sacramento-kings,sacramento-kings
,Nique Clifford5,G,23,"6' 6""",200 lbs,Colorado State,"$3,108,120",https://www.espn.com/nba/team/roster/_/name/sac/sacramento-kings,sacramento-kings
,Terence Davis3,G,28,"6' 4""",201 lbs,Ole Miss,"$2,546,675",https://www.espn.com/nba/team/roster/_/name/sac/sacramento-kings,sacramento-kings
,DeMar DeRozan10,SF,36,"6' 6""",220 lbs,USC,"$24,570,000",https://www.espn.com/nba/team/roster/_/name/sac/sacramento-kings,sacramento-kings
,Keon Ellis23,G,25,"6' 4""",175 lbs,Alabama,"$2,301,587",https://www.espn.com/nba/team/roster/_/name/sac/sacramento-kings,sacramento-kings
,Drew Eubanks19,PF,28,"6' 10""",245 lbs,Oregon State,--,https://www.espn.com/nba/team/roster/_/name/sac/sacramento-kings,sacramento-kings
,Isaac Jones3,C,25,"6' 9""",245 lbs,Washington State,"$1,955,377",https://www.espn.com/nba/team/roster/_/name/sac/sacramento-kings,sacramento-kings
,Zach LaVine8,SG,30,"6' 5""",200 lbs,UCLA,"$47,499,660",https://www.espn.com/nba/team/roster/_/name/sac/sacramento-kings,sacramento-kings
,Mitch Mascari,G,25,"6' 5""",200 lbs,Drake,--,https://www.espn.com/nba/team/roster/_/name/sac/sacramento-kings,sacramento-kings
,Doug McDermott7,SF,33,"6' 6""",225 lbs,Creighton,"$2,296,274",https://www.espn.com/nba/team/roster/_/name/sac/sacramento-kings,sacramento-kings
,Malik Monk0,SG,27,"6' 3""",200 lbs,Kentucky,"$18,797,618",https://www.espn.com/nba/team/roster/_/name/sac/sacramento-kings,sacramento-kings
,Keegan Murray13,SF,25,"6' 8""",225 lbs,Iowa,"$11,144,093",https://www.espn.com/nba/team/roster/_/name/sac/sacramento-kings,sacramento-kings
,Daeqwon Plowden29,G,27,"6' 6""",216 lbs,Bowling Green,--,https://www.espn.com/nba/team/roster/_/name/sac/sacramento-kings,sacramento-kings
,Maxime Raynaud42,C,22,"7' 1""",250 lbs,Stanford,"$1,272,870",https://www.espn.com/nba/team/roster/_/name/sac/sacramento-kings,sacramento-kings
,Domantas Sabonis11,PF,29,"6' 10""",240 lbs,Gonzaga,"$43,636,000",https://www.espn.com/nba/team/roster/_/name/sac/sacramento-kings,sacramento-kings
,Dario Saric20,PF,31,"6' 10""",225 lbs,--,"$5,426,000",https://www.espn.com/nba/team/roster/_/name/sac/sacramento-kings,sacramento-kings
,Dennis Schroder17,PG,32,"6' 1""",175 lbs,--,"$14,104,000",https://www.espn.com/nba/team/roster/_/name/sac/sacramento-kings,sacramento-kings
,Isaiah Stevens24,G,24,"6' 0""",185 lbs,Colorado State,--,https://www.espn.com/nba/team/roster/_/name/sac/sacramento-kings,sacramento-kings
,Dalano Banton45,G,25,"6' 8""",203 lbs,Nebraska,--,https://www.espn.com/nba/team/roster/_/name/dal/dallas-mavericks,dallas-mavericks
,Max Christie00,G,22,"6' 5""",190 lbs,Michigan State,"$7,714,286",https://www.espn.com/nba/team/roster/_/name/dal/dallas-mavericks,dallas-mavericks
,Moussa Cisse45,C,23,"6' 11""",229 lbs,Memphis,--,https://www.espn.com/nba/team/roster/_/name/dal/dallas-mavericks,dallas-mavericks
,Matthew Cleveland35,G,23,"6' 7""",210 lbs,Miami,--,https://www.espn.com/nba/team/roster/_/name/dal/dallas-mavericks,dallas-mavericks
,Anthony Davis3,PF,32,"6' 10""",253 lbs,Kentucky,"$54,126,450",https://www.espn.com/nba/team/roster/_/name/dal/dallas-mavericks,dallas-mavericks
,Dante Exum0,G,30,"6' 5""",214 lbs,--,"$2,296,274",https://www.espn.com/nba/team/roster/_/name/dal/dallas-mavericks,dallas-mavericks
,Cooper Flagg32,F,18,"6' 9""",205 lbs,Duke,"$14,386,320",https://www.espn.com/nba/team/roster/_/name/dal/dallas-mavericks,dallas-mavericks
,Daniel Gafford21,C,27,"6' 10""",265 lbs,Arkansas,"$14,386,320",https://www.espn.com/nba/team/roster/_/name/dal/dallas-mavericks,dallas-mavericks
,Jaden Hardy1,G,23,"6' 3""",198 lbs,--,"$6,000,000",https://www.espn.com/nba/team/roster/_/name/dal/dallas-mavericks,dallas-mavericks
,Kyrie Irving11,PG,33,"6' 2""",195 lbs,Duke,"$36,566,002",https://www.espn.com/nba/team/roster/_/name/dal/dallas-mavericks,dallas-mavericks
,Miles Kelly14,G,22,"6' 6""",190 lbs,Auburn,--,https://www.espn.com/nba/team/roster/_/name/dal/dallas-mavericks,dallas-mavericks
,Dereck Lively II2,C,21,"7' 1""",230 lbs,Duke,"$5,253,360",https://www.espn.com/nba/team/roster/_/name/dal/dallas-mavericks,dallas-mavericks
,Naji Marshall13,SF,27,"6' 6""",220 lbs,Xavier,"$9,000,000",https://www.espn.com/nba/team/roster/_/name/dal/dallas-mavericks,dallas-mavericks
,Caleb Martin16,SF,30,"6' 5""",205 lbs,Nevada,"$9,594,044",https://www.espn.com/nba/team/roster/_/name/dal/dallas-mavericks,dallas-mavericks
,Ryan Nembhard9,G,22,"6' 0""",180 lbs,Gonzaga,--,https://www.espn.com/nba/team/roster/_/name/dal/dallas-mavericks,dallas-mavericks
,Dwight Powell7,C,34,"6' 10""",240 lbs,Stanford,"$4,000,000",https://www.espn.com/nba/team/roster/_/name/dal/dallas-mavericks,dallas-mavericks
,Jeremiah Robinson-Earl23,F,24,"6' 8""",240 lbs,Villanova,--,https://www.espn.com/nba/team/roster/_/name/dal/dallas-mavericks,dallas-mavericks
,D'Angelo Russell5,PG,29,"6' 3""",193 lbs,Ohio State,"$5,685,000",https://www.espn.com/nba/team/roster/_/name/dal/dallas-mavericks,dallas-mavericks
,Dennis Smith Jr.8,PG,27,"6' 3""",205 lbs,NC State,--,https://www.espn.com/nba/team/roster/_/name/dal/dallas-mavericks,dallas-mavericks
,Klay Thompson31,SG,35,"6' 5""",220 lbs,Washington State,"$16,666,667",https://www.espn.com/nba/team/roster/_/name/dal/dallas-mavericks,dallas-mavericks
,P.J. Washington25,PF,27,"6' 6""",230 lbs,Kentucky,"$14,152,174",https://www.espn.com/nba/team/roster/_/name/dal/dallas-mavericks,dallas-mavericks
,Brandon Williams10,G,25,"6' 1""",190 lbs,Arizona,"$2,270,735",https://www.espn.com/nba/team/roster/_/name/dal/dallas-mavericks,dallas-mavericks
,Steven Adams12,C,32,"6' 11""",265 lbs,Pittsburgh,"$14,130,434",https://www.espn.com/nba/team/roster/_/name/hou/houston-rockets,houston-rockets
,Clint Capela30,C,31,"6' 10""",256 lbs,--,"$6,700,000",https://www.espn.com/nba/team/roster/_/name/hou/houston-rockets,houston-rockets
,Isaiah Crawford,F,23,"6' 6""",220 lbs,Louisiana Tech,--,https://www.espn.com/nba/team/roster/_/name/hou/houston-rockets,houston-rockets
,JD Davison,G,23,"6' 1""",195 lbs,Alabama,"$2,270,735",https://www.espn.com/nba/team/roster/_/name/hou/houston-rockets,houston-rockets
,Kevin Durant7,PF,37,"6' 11""",240 lbs,Texas,"$54,708,609",https://www.espn.com/nba/team/roster/_/name/hou/houston-rockets,houston-rockets
,Tari Eason17,F,24,"6' 8""",215 lbs,LSU,"$5,675,766",https://www.espn.com/nba/team/roster/_/name/hou/houston-rockets,houston-rockets
,Dorian Finney-Smith2,PF,32,"6' 7""",220 lbs,Florida,"$12,700,000",https://www.espn.com/nba/team/roster/_/name/hou/houston-rockets,houston-rockets
,Jeff Green32,PF,39,"6' 8""",235 lbs,Georgetown,"$2,296,274",https://www.espn.com/nba/team/roster/_/name/hou/houston-rockets,houston-rockets
,Kevon Harris00,G,28,"6' 5""",216 lbs,Stephen F. Austin,--,https://www.espn.com/nba/team/roster/_/name/hou/houston-rockets,houston-rockets
,Aaron Holiday0,G,29,"6' 0""",185 lbs,UCLA,--,https://www.espn.com/nba/team/roster/_/name/hou/houston-rockets,houston-rockets
,Cameron Matthews,F,23,"6' 7""",235 lbs,Mississippi State,--,https://www.espn.com/nba/team/roster/_/name/hou/houston-rockets,houston-rockets
,Josh Okogie20,SF,27,"6' 4""",213 lbs,Georgia Tech,"$7,750,000",https://www.espn.com/nba/team/roster/_/name/hou/houston-rockets,houston-rockets
,Alperen Sengun28,C,23,"6' 11""",243 lbs,--,"$33,944,954",https://www.espn.com/nba/team/roster/_/name/hou/houston-rockets,houston-rockets
,Reed Sheppard15,G,21,"6' 2""",185 lbs,Kentucky,"$10,603,560",https://www.espn.com/nba/team/roster/_/name/hou/houston-rockets,houston-rockets
,Jabari Smith Jr.10,PF,22,"6' 10""",220 lbs,Auburn,"$12,350,392",https://www.espn.com/nba/team/roster/_/name/hou/houston-rockets,houston-rockets
,Jae'Sean Tate8,SF,29,"6' 4""",230 lbs,Ohio State,"$2,296,274",https://www.espn.com/nba/team/roster/_/name/hou/houston-rockets,houston-rockets
,Amen Thompson1,F,22,"6' 7""",200 lbs,--,"$9,690,600",https://www.espn.com/nba/team/roster/_/name/hou/houston-rockets,houston-rockets
,Fred VanVleet5,PG,31,"6' 0""",197 lbs,Wichita State,"$24,038,462",https://www.espn.com/nba/team/roster/_/name/hou/houston-rockets,houston-rockets
,Santi Aldama7,PF,24,"7' 0""",215 lbs,Loyola Maryland,"$18,485,916",https://www.espn.com/nba/team/roster/_/name/mem/memphis-grizzlies,memphis-grizzlies
,Tyler Burton4,F,25,"6' 7""",215 lbs,Villanova,--,https://www.espn.com/nba/team/roster/_/name/mem/memphis-grizzlies,memphis-grizzlies
,Kentavious Caldwell-Pope3,SG,32,"6' 5""",204 lbs,Georgia,"$21,621,500",https://www.espn.com/nba/team/roster/_/name/mem/memphis-grizzlies,memphis-grizzlies
,Brandon Clarke15,PF,29,"6' 8""",215 lbs,Gonzaga,"$12,500,000",https://www.espn.com/nba/team/roster/_/name/mem/memphis-grizzlies,memphis-grizzlies
,Cedric Coward23,F,22,"6' 6""",206 lbs,Washington State,"$5,715,120",https://www.espn.com/nba/team/roster/_/name/mem/memphis-grizzlies,memphis-grizzlies
,Zach Edey14,C,23,"7' 4""",305 lbs,Purdue,"$6,045,000",https://www.espn.com/nba/team/roster/_/name/mem/memphis-grizzlies,memphis-grizzlies
,PJ Hall16,C,23,"6' 10""",245 lbs,Clemson,--,https://www.espn.com/nba/team/roster/_/name/mem/memphis-grizzlies,memphis-grizzlies
,GG Jackson45,F,20,"6' 9""",210 lbs,South Carolina,"$2,221,677",https://www.espn.com/nba/team/roster/_/name/mem/memphis-grizzlies,memphis-grizzlies
,Jaren Jackson Jr.8,PF,26,"6' 10""",242 lbs,Michigan State,"$23,413,395",https://www.espn.com/nba/team/roster/_/name/mem/memphis-grizzlies,memphis-grizzlies
,Ty Jerome2,SG,28,"6' 5""",195 lbs,Virginia,"$8,781,000",https://www.espn.com/nba/team/roster/_/name/mem/memphis-grizzlies,memphis-grizzlies
,Braxton Key22,F,28,"6' 8""",225 lbs,Virginia,--,https://www.espn.com/nba/team/roster/_/name/mem/memphis-grizzlies,memphis-grizzlies
,John Konchar46,SG,29,"6' 5""",210 lbs,Purdue Fort Wayne,"$6,165,000",https://www.espn.com/nba/team/roster/_/name/mem/memphis-grizzlies,memphis-grizzlies
,Jock Landale31,C,29,"6' 11""",255 lbs,Saint Mary's,"$8,000,000",https://www.espn.com/nba/team/roster/_/name/mem/memphis-grizzlies,memphis-grizzlies
,Lawson Lovering34,C,22,"7' 1""",233 lbs,Utah,--,https://www.espn.com/nba/team/roster/_/name/mem/memphis-grizzlies,memphis-grizzlies
,Ja Morant12,PG,26,"6' 2""",174 lbs,Murray State,"$39,446,090",https://www.espn.com/nba/team/roster/_/name/mem/memphis-grizzlies,memphis-grizzlies
,Scotty Pippen Jr.1,G,24,"6' 1""",170 lbs,Vanderbilt,"$2,270,735",https://www.espn.com/nba/team/roster/_/name/mem/memphis-grizzlies,memphis-grizzlies
,Olivier-Maxence Prosper18,F,23,"6' 7""",230 lbs,Marquette,"$3,007,080",https://www.espn.com/nba/team/roster/_/name/mem/memphis-grizzlies,memphis-grizzlies
,Javon Small10,G,22,"6' 3""",190 lbs,West Virginia,--,https://www.espn.com/nba/team/roster/_/name/mem/memphis-grizzlies,memphis-grizzlies
,Cam Spencer24,G,25,"6' 4""",205 lbs,UConn,"$2,537,989",https://www.espn.com/nba/team/roster/_/name/mem/memphis-grizzlies,memphis-grizzlies
,Jaylen Wells0,F,22,"6' 8""",206 lbs,Washington State,"$1,955,377",https://www.espn.com/nba/team/roster/_/name/mem/memphis-grizzlies,memphis-grizzlies
,Vince Williams Jr.5,G,25,"6' 4""",205 lbs,VCU,"$2,301,587",https://www.espn.com/nba/team/roster/_/name/mem/memphis-grizzlies,memphis-grizzlies
,Trey Alexander23,G,22,"6' 4""",185 lbs,Creighton,--,https://www.espn.com/nba/team/roster/_/name/no/new-orleans-pelicans,new-orleans-pelicans
,Jose Alvarado15,PG,27,"6' 0""",179 lbs,Georgia Tech,"$4,500,000",https://www.espn.com/nba/team/roster/_/name/no/new-orleans-pelicans,new-orleans-pelicans
,Saddiq Bey41,SF,26,"6' 7""",215 lbs,Villanova,"$6,118,644",https://www.espn.com/nba/team/roster/_/name/no/new-orleans-pelicans,new-orleans-pelicans
,Hunter Dickinson4,C,24,"7' 2""",265 lbs,Kansas,--,https://www.espn.com/nba/team/roster/_/name/no/new-orleans-pelicans,new-orleans-pelicans
,Jeremiah Fears0,G,18,"6' 4""",182 lbs,Oklahoma,"$7,520,040",https://www.espn.com/nba/team/roster/_/name/no/new-orleans-pelicans,new-orleans-pelicans
,Jordan Hawkins24,G,23,"6' 5""",190 lbs,UConn,"$4,741,320",https://www.espn.com/nba/team/roster/_/name/no/new-orleans-pelicans,new-orleans-pelicans
,Herbert Jones2,SF,27,"6' 7""",206 lbs,Alabama,"$13,937,574",https://www.espn.com/nba/team/roster/_/name/no/new-orleans-pelicans,new-orleans-pelicans
,Kevon Looney55,F,29,"6' 9""",222 lbs,UCLA,"$8,000,000",https://www.espn.com/nba/team/roster/_/name/no/new-orleans-pelicans,new-orleans-pelicans
,Karlo Matkovic17,C,24,"6' 10""",231 lbs,--,"$1,955,377",https://www.espn.com/nba/team/roster/_/name/no/new-orleans-pelicans,new-orleans-pelicans
,Bryce McGowens11,G,22,"6' 6""",190 lbs,Nebraska,--,https://www.espn.com/nba/team/roster/_/name/no/new-orleans-pelicans,new-orleans-pelicans
,Yves Missi21,C,21,"6' 11""",235 lbs,Baylor,"$3,353,040",https://www.espn.com/nba/team/roster/_/name/no/new-orleans-pelicans,new-orleans-pelicans
,Trey Murphy III25,SG,25,"6' 8""",206 lbs,Virginia,"$25,000,000",https://www.espn.com/nba/team/roster/_/name/no/new-orleans-pelicans,new-orleans-pelicans
,Dejounte Murray5,SG,29,"6' 4""",180 lbs,Washington,"$30,801,103",https://www.espn.com/nba/team/roster/_/name/no/new-orleans-pelicans,new-orleans-pelicans
,Micah Peavy14,G,24,"6' 8""",220 lbs,Georgetown,"$1,272,970",https://www.espn.com/nba/team/roster/_/name/no/new-orleans-pelicans,new-orleans-pelicans
,Jordan Poole3,SG,26,"6' 4""",194 lbs,Michigan,"$31,848,215",https://www.espn.com/nba/team/roster/_/name/no/new-orleans-pelicans,new-orleans-pelicans
,Derik Queen22,C,20,"6' 10""",246 lbs,Maryland,"$5,157,960",https://www.espn.com/nba/team/roster/_/name/no/new-orleans-pelicans,new-orleans-pelicans
,Christian Shumate42,F,23,"6' 6""",213 lbs,McNeese,--,https://www.espn.com/nba/team/roster/_/name/no/new-orleans-pelicans,new-orleans-pelicans
,Jaden Springer9,G,23,"6' 4""",202 lbs,Tennessee,"$2,349,578",https://www.espn.com/nba/team/roster/_/name/no/new-orleans-pelicans,new-orleans-pelicans
,Zion Williamson1,PF,25,"6' 6""",284 lbs,Duke,"$39,446,090",https://www.espn.com/nba/team/roster/_/name/no/new-orleans-pelicans,new-orleans-pelicans
,Harrison Barnes40,SF,33,"6' 8""",225 lbs,North Carolina,"$19,000,000",https://www.espn.com/nba/team/roster/_/name/sa/san-antonio-spurs,san-antonio-spurs
,Bismack Biyombo18,F,33,"6' 8""",255 lbs,--,--,https://www.espn.com/nba/team/roster/_/name/sa/san-antonio-spurs,san-antonio-spurs
,Carter Bryant11,F,19,"6' 8""",220 lbs,Arizona,"$4,900,320",https://www.espn.com/nba/team/roster/_/name/sa/san-antonio-spurs,san-antonio-spurs
,Stephon Castle5,G,20,"6' 6""",215 lbs,UConn,"$9,560,520",https://www.espn.com/nba/team/roster/_/name/sa/san-antonio-spurs,san-antonio-spurs
,Julian Champagnie30,F,24,"6' 7""",217 lbs,St. John's,"$3,000,000",https://www.espn.com/nba/team/roster/_/name/sa/san-antonio-spurs,san-antonio-spurs
,Adam Flagler14,G,25,"6' 3""",180 lbs,Baylor,--,https://www.espn.com/nba/team/roster/_/name/sa/san-antonio-spurs,san-antonio-spurs
,De'Aaron Fox4,PG,27,"6' 3""",185 lbs,Kentucky,"$37,096,620",https://www.espn.com/nba/team/roster/_/name/sa/san-antonio-spurs,san-antonio-spurs
,Dylan Harper2,G,19,"6' 6""",215 lbs,Rutgers,"$12,370,320",https://www.espn.com/nba/team/roster/_/name/sa/san-antonio-spurs,san-antonio-spurs
,Harrison Ingram55,F,22,"6' 5""",230 lbs,North Carolina,--,https://www.espn.com/nba/team/roster/_/name/sa/san-antonio-spurs,san-antonio-spurs
,Keldon Johnson3,SF,26,"6' 5""",220 lbs,Kentucky,"$17,500,000",https://www.espn.com/nba/team/roster/_/name/sa/san-antonio-spurs,san-antonio-spurs
,David Jones-Garcia25,F,23,"6' 6""",210 lbs,Memphis,--,https://www.espn.com/nba/team/roster/_/name/sa/san-antonio-spurs,san-antonio-spurs
,Luke Kornet7,C,30,"7' 1""",250 lbs,Vanderbilt,"$11,000,000",https://www.espn.com/nba/team/roster/_/name/sa/san-antonio-spurs,san-antonio-spurs
,Jordan McLaughlin0,PG,29,"6' 0""",185 lbs,USC,"$2,296,274",https://www.espn.com/nba/team/roster/_/name/sa/san-antonio-spurs,san-antonio-spurs
,Riley Minix27,F,25,"6' 7""",230 lbs,Morehead State,--,https://www.espn.com/nba/team/roster/_/name/sa/san-antonio-spurs,san-antonio-spurs
,Kelly Olynyk8,PF,34,"6' 11""",240 lbs,Gonzaga,"$13,445,122",https://www.espn.com/nba/team/roster/_/name/sa/san-antonio-spurs,san-antonio-spurs
,Micah Potter33,C,27,"6' 9""",248 lbs,Wisconsin,--,https://www.espn.com/nba/team/roster/_/name/sa/san-antonio-spurs,san-antonio-spurs
,Jeremy Sochan10,F,22,"6' 8""",230 lbs,Baylor,"$7,096,231",https://www.espn.com/nba/team/roster/_/name/sa/san-antonio-spurs,san-antonio-spurs
,Stanley Umude17,G,26,"6' 6""",210 lbs,Arkansas,--,https://www.espn.com/nba/team/roster/_/name/sa/san-antonio-spurs,san-antonio-spurs
,Devin Vassell24,SG,25,"6' 5""",205 lbs,Florida State,"$27,000,000",https://www.espn.com/nba/team/roster/_/name/sa/san-antonio-spurs,san-antonio-spurs
,Lindy Waters III43,F,28,"6' 6""",210 lbs,Oklahoma State,"$2,296,274",https://www.espn.com/nba/team/roster/_/name/sa/san-antonio-spurs,san-antonio-spurs
,Victor Wembanyama1,C,21,"7' 3""",235 lbs,--,"$13,376,880",https://www.espn.com/nba/team/roster/_/name/sa/san-antonio-spurs,san-antonio-spurs
